{
    "@module": "pymatgen.util.provenance",
    "@class": "StructureNL",
    "charge": null,
    "lattice": {
        "matrix": [
            [
                4.9614,
                0.0,
                3.037981314644839e-16
            ],
            [
                -4.878441756743439e-16,
                7.9671,
                4.878441756743439e-16
            ],
            [
                0.0,
                0.0,
                5.7404
            ]
        ],
        "a": 4.9614,
        "b": 7.9671,
        "c": 5.7404,
        "alpha": 90.0,
        "beta": 90.0,
        "gamma": 90.0,
        "volume": 226.90635864357603
    },
    "sites": [
        {
            "species": [
                {
                    "element": "Ca",
                    "oxidation_state": 2.0,
                    "occu": 1.0
                }
            ],
            "abc": [
                0.25,
                0.08500000000000002,
                0.25970000000000004
            ],
            "xyz": [
                1.24035,
                0.6772035000000002,
                1.4907818800000006
            ],
            "label": "Ca2+",
            "properties": {
                "coordination": {
                    "Ca": 0.0,
                    "C": 0.0,
                    "O": 9.0
                }
            }
        },
        {
            "species": [
                {
                    "element": "Ca",
                    "oxidation_state": 2.0,
                    "occu": 1.0
                }
            ],
            "abc": [
                0.25,
                0.415,
                0.7597
            ],
            "xyz": [
                1.2403499999999998,
                3.3063465,
                4.360981880000001
            ],
            "label": "Ca2+",
            "properties": {
                "coordination": {
                    "Ca": 0.0,
                    "C": 0.0,
                    "O": 9.0
                }
            }
        },
        {
            "species": [
                {
                    "element": "Ca",
                    "oxidation_state": 2.0,
                    "occu": 1.0
                }
            ],
            "abc": [
                0.75,
                0.915,
                0.7403
            ],
            "xyz": [
                3.7210499999999995,
                7.2898965,
                4.249618120000001
            ],
            "label": "Ca2+",
            "properties": {
                "coordination": {
                    "Ca": 0.0,
                    "C": 0.0,
                    "O": 9.0
                }
            }
        },
        {
            "species": [
                {
                    "element": "Ca",
                    "oxidation_state": 2.0,
                    "occu": 1.0
                }
            ],
            "abc": [
                0.75,
                0.585,
                0.24029999999999996
            ],
            "xyz": [
                3.7210499999999995,
                4.6607535,
                1.3794181200000002
            ],
            "label": "Ca2+",
            "properties": {
                "coordination": {
                    "Ca": 0.0,
                    "C": 0.0,
                    "O": 9.0
                }
            }
        },
        {
            "species": [
                {
                    "element": "C",
                    "oxidation_state": 4.0,
                    "occu": 1.0
                }
            ],
            "abc": [
                0.25,
                0.7378,
                0.4138
            ],
            "xyz": [
                1.2403499999999996,
                5.87812638,
                2.3753775200000007
            ],
            "label": "C4+",
            "properties": {
                "coordination": {
                    "Ca": 0.0,
                    "C": 0.0,
                    "O": 3.0
                }
            }
        },
        {
            "species": [
                {
                    "element": "C",
                    "oxidation_state": 4.0,
                    "occu": 1.0
                }
            ],
            "abc": [
                0.25,
                0.7622,
                0.9138
            ],
            "xyz": [
                1.2403499999999996,
                6.07252362,
                5.24557752
            ],
            "label": "C4+",
            "properties": {
                "coordination": {
                    "Ca": 0.0,
                    "C": 0.0,
                    "O": 3.0
                }
            }
        },
        {
            "species": [
                {
                    "element": "C",
                    "oxidation_state": 4.0,
                    "occu": 1.0
                }
            ],
            "abc": [
                0.75,
                0.2622,
                0.5862
            ],
            "xyz": [
                3.72105,
                2.08897362,
                3.365022480000001
            ],
            "label": "C4+",
            "properties": {
                "coordination": {
                    "Ca": 0.0,
                    "C": 0.0,
                    "O": 3.0
                }
            }
        },
        {
            "species": [
                {
                    "element": "C",
                    "oxidation_state": 4.0,
                    "occu": 1.0
                }
            ],
            "abc": [
                0.75,
                0.2378,
                0.0862
            ],
            "xyz": [
                3.72105,
                1.8945763800000002,
                0.49482248000000034
            ],
            "label": "C4+",
            "properties": {
                "coordination": {
                    "Ca": 0.0,
                    "C": 0.0,
                    "O": 3.0
                }
            }
        },
        {
            "species": [
                {
                    "element": "O",
                    "oxidation_state": -2.0,
                    "occu": 1.0
                }
            ],
            "abc": [
                0.25,
                0.5775,
                0.4038
            ],
            "xyz": [
                1.2403499999999998,
                4.60100025,
                2.3179735200000007
            ],
            "label": "O2-",
            "properties": {
                "coordination": {
                    "Ca": 3.0,
                    "C": 1.0,
                    "O": 0.0
                }
            }
        },
        {
            "species": [
                {
                    "element": "O",
                    "oxidation_state": -2.0,
                    "occu": 1.0
                }
            ],
            "abc": [
                0.25,
                0.9225,
                0.9038
            ],
            "xyz": [
                1.2403499999999996,
                7.34964975,
                5.188173520000001
            ],
            "label": "O2-",
            "properties": {
                "coordination": {
                    "Ca": 3.0,
                    "C": 1.0,
                    "O": 0.0
                }
            }
        },
        {
            "species": [
                {
                    "element": "O",
                    "oxidation_state": -2.0,
                    "occu": 1.0
                }
            ],
            "abc": [
                0.75,
                0.4224999999999999,
                0.5962
            ],
            "xyz": [
                3.72105,
                3.366099749999999,
                3.4224264800000004
            ],
            "label": "O2-",
            "properties": {
                "coordination": {
                    "Ca": 3.0,
                    "C": 1.0,