{
    "@module": "pymatgen.util.provenance",
    "@class": "StructureNL",
    "charge": null,
    "lattice": {
        "matrix": [
            [
                7.8338,
                0.0,
                4.796819047580268e-16
            ],
            [
                -4.796819047580268e-16,
                7.8338,
                4.796819047580268e-16
            ],
            [
                0.0,
                0.0,
                5.0082
            ]
        ],
        "a": 7.8338,
        "b": 7.8338,
        "c": 5.0082,
        "alpha": 90.0,
        "beta": 90.0,
        "gamma": 90.0,
        "volume": 307.34533326400805
    },
    "sites": [
        {
            "species": [
                {
                    "element": "Ca",
                    "oxidation_state": 2.0,
                    "occu": 1.0
                }
            ],
            "abc": [
                0.33240000000000003,
                0.16760000000000003,
                0.5065
            ],
            "xyz": [
                2.60395512,
                1.3129448800000003,
                2.5366533
            ],
            "label": "Ca2+",
            "properties": {
                "coordination": {
                    "Ca": 0.0,
                    "Mg": 0.0,
                    "Si": 0.0,
                    "O": 8.0
                }
            }
        },
        {
            "species": [
                {
                    "element": "Ca",
                    "oxidation_state": 2.0,
                    "occu": 1.0
                }
            ],
            "abc": [
                0.1676,
                0.6676,
                0.49350000000000005
            ],
            "xyz": [
                1.3129448799999999,
                5.22984488,
                2.471546700000001
            ],
            "label": "Ca2+",
            "properties": {
                "coordination": {
                    "Ca": 0.0,
                    "Mg": 0.0,
                    "Si": 0.0,
                    "O": 8.0
                }
            }
        },
        {
            "species": [
                {
                    "element": "Ca",
                    "oxidation_state": 2.0,
                    "occu": 1.0
                }
            ],
            "abc": [
                0.6676,
                0.8324,
                0.5065
            ],
            "xyz": [
                5.22984488,
                6.52085512,
                2.5366533000000007
            ],
            "label": "Ca2+",
            "properties": {
                "coordination": {
                    "Ca": 0.0,
                    "Mg": 0.0,
                    "Si": 0.0,
                    "O": 8.0
                }
            }
        },
        {
            "species": [
                {
                    "element": "Ca",
                    "oxidation_state": 2.0,
                    "occu": 1.0
                }
            ],
            "abc": [
                0.8324,
                0.3324,
                0.49350000000000005
            ],
            "xyz": [
                6.52085512,
                2.6039551199999997,
                2.471546700000001
            ],
            "label": "Ca2+",
            "properties": {
                "coordination": {
                    "Ca": 0.0,
                    "Mg": 0.0,
                    "Si": 0.0,
                    "O": 8.0
                }
            }
        },
        {
            "species": [
                {
                    "element": "Mg",
                    "oxidation_state": 2.0,
                    "occu": 1.0
                }
            ],
            "abc": [
                0.5,
                0.5,
                0.0
            ],
            "xyz": [
                3.9168999999999996,
                3.9169,
                4.796819047580268e-16
            ],
            "label": "Mg2+",
            "properties": {
                "coordination": {
                    "Ca": 0.0,
                    "Mg": 0.0,
                    "Si": 0.0,
                    "O": 4.0
                }
            }
        },
        {
            "species": [
                {
                    "element": "Mg",
                    "oxidation_state": 2.0,
                    "occu": 1.0
                }
            ],
            "abc": [
                0.0,
                0.0,
                0.0
            ],
            "xyz": [
                0.0,
                0.0,
                0.0
            ],
            "label": "Mg2+",
            "properties": {
                "coordination": {
                    "Ca": 0.0,
                    "Mg": 0.0,
                    "Si": 0.0,
                    "O": 4.0
                }
            }
        },
        {
            "species": [
                {
                    "element": "Si",
                    "oxidation_state": 4.0,
                    "occu": 1.0
                }
            ],
            "abc": [
                0.1396,
                0.3604,
                0.9358
            ],
            "xyz": [
                1.0935984799999998,
                2.8233015200000002,
                4.68667356
            ],
            "label": "Si4+",
            "properties": {
                "coordination": {
                    "Ca": 0.0,
                    "Mg": 0.0,
                    "Si": 0.0,
                    "O": 4.0
                }
            }
        },
        {
            "species": [
                {
                    "element": "Si",
                    "oxidation_state": 4.0,
                    "occu": 1.0
                }
            ],
            "abc": [
                0.3604,
                0.8604,
                0.06420000000000003
            ],
            "xyz": [
                2.82330152,
                6.74020152,
                0.3215264400000008
            ],
            "label": "Si4+",
            "properties": {
                "coordination": {
                    "Ca": 0.0,
                    "Mg": 0.0,
                    "Si": 0.0,
                    "O": 4.0
                }
            }
        },
        {
            "species": [
                {
                    "element": "Si",
                    "oxidation_state": 4.0,
                    "occu": 1.0
                }
            ],
            "abc": [
                0.8604,
                0.6396,
                0.9358
            ],
            "xyz": [
                6.74020152,
                5.01049848,
                4.686673560000001
            ],
            "label": "Si4+",
            "properties": {
                "coordination": {
                    "Ca": 0.0,
                    "Mg": 0.0,
                    "Si": 0.0,
                    "O": 4.0
                }
            }
        },
        {
            "species": [
                {
                    "element": "Si",
                    "oxidation_state": 4.0,
                    "occu": 1.0
                }
            ],
            "abc": [
                0.6396,
                0.1396,
                0.06420000000000003
            ],
            "xyz": [
                5.01049848,
                1.09359848,
                0.3215264400000006
            ],
            "label": "Si4+",
            "properties": {
                "coordination": {
                    "Ca": 0.0,
                    "Mg": 0.0,
                    "Si": 0.0,
                    "O": 4.0
                }
            }
        },
        {
            "species": [
                {
                    "element": "O",
                    "oxidation_state": -2.0,
                    "occu": 1.0
                }
            ],
            "abc": [
                0.5,
                0.0,
                0.1799
            ],