{
    "@module": "pymatgen.util.provenance",
    "@class": "StructureNL",
    "charge": null,
    "lattice": {
        "matrix": [
            [
                7.811,
                0.0,
                4.782858074069988e-16
            ],
            [
                -4.991660353324611e-16,
                8.152,
                4.991660353324611e-16
            ],
            [
                0.0,
                0.0,
                8.704
            ]
        ],
        "a": 7.811,
        "b": 8.152,
        "c": 8.704,
        "alpha": 90.0,
        "beta": 90.0,
        "gamma": 90.0,
        "volume": 554.2295674879999
    },
    "sites": [
        {
            "species": [
                {
                    "element": "Cu",
                    "oxidation_state": 1.0,
                    "occu": 1.0
                }
            ],
            "abc": [
                0.72583,
                0.9148700000000001,
                0.74388
            ],
            "xyz": [
                5.669458129999999,
                7.45802024,
                6.4747315200000015
            ],
            "label": "Cu+",
            "properties": {
                "coordination": {
                    "Cu": 0.0,
                    "Sb": 0.0,
                    "Pb": 0.0,
                    "S": 4.0
                }
            }
        },
        {
            "species": [
                {
                    "element": "Cu",
                    "oxidation_state": 1.0,
                    "occu": 1.0
                }
            ],
            "abc": [
                0.72583,
                0.9148700000000001,
                0.25612
            ],
            "xyz": [
                5.669458129999999,
                7.45802024,
                2.2292684800000013
            ],
            "label": "Cu+",
            "properties": {
                "coordination": {
                    "Cu": 0.0,
                    "Sb": 0.0,
                    "Pb": 0.0,
                    "S": 4.0
                }
            }
        },
        {
            "species": [
                {
                    "element": "Cu",
                    "oxidation_state": 1.0,
                    "occu": 1.0
                }
            ],
            "abc": [
                0.27417,
                0.41487,
                0.75612
            ],
            "xyz": [
                2.14154187,
                3.3820202399999997,
                6.58126848
            ],
            "label": "Cu+",
            "properties": {
                "coordination": {
                    "Cu": 0.0,
                    "Sb": 0.0,
                    "Pb": 0.0,
                    "S": 4.0
                }
            }
        },
        {
            "species": [
                {
                    "element": "Cu",
                    "oxidation_state": 1.0,
                    "occu": 1.0
                }
            ],
            "abc": [
                0.27417,
                0.41487,
                0.24388
            ],
            "xyz": [
                2.14154187,
                3.3820202399999997,
                2.1227315200000008
            ],
            "label": "Cu+",
            "properties": {
                "coordination": {
                    "Cu": 0.0,
                    "Sb": 0.0,
                    "Pb": 0.0,
                    "S": 4.0
                }
            }
        },
        {
            "species": [
                {
                    "element": "Sb",
                    "oxidation_state": 3.0,
                    "occu": 1.0
                }
            ],
            "abc": [
                0.92932,
                0.54318,
                0.0
            ],
            "xyz": [
                7.25891852,
                4.42800336,
                7.156175736113584e-16
            ],
            "label": "Sb3+",
            "properties": {
                "coordination": {
                    "Cu": 0.0,
                    "Sb": 0.0,
                    "Pb": 0.0,
                    "S": 3.0
                }
            }
        },
        {
            "species": [
                {
                    "element": "Sb",
                    "oxidation_state": 3.0,
                    "occu": 1.0
                }
            ],
            "abc": [
                0.07068,
                0.04318,
                0.5
            ],
            "xyz": [
                0.55208148,
                0.35200336,
                4.352
            ],
            "label": "Sb3+",
            "properties": {
                "coordination": {
                    "Cu": 0.0,
                    "Sb": 0.0,
                    "Pb": 0.0,
                    "S": 3.0
                }
            }
        },
        {
            "species": [
                {
                    "element": "Sb",
                    "oxidation_state": 3.0,
                    "occu": 1.0
                }
            ],
            "abc": [
                0.49063,
                0.65254,
                0.5
            ],
            "xyz": [
                3.83231093,
                5.319506079999999,
                4.352000000000001
            ],
            "label": "Sb3+",
            "properties": {
                "coordination": {
                    "Cu": 0.0,
                    "Sb": 0.0,
                    "Pb": 0.0,
                    "S": 3.0
                }
            }
        },
        {
            "species": [
                {
                    "element": "Sb",
                    "oxidation_state": 3.0,
                    "occu": 1.0
                }
            ],
            "abc": [
                0.50937,
                0.15254,
                0.0
            ],
            "xyz": [
                3.9786890699999997,
                1.24350608,
                3.1976722874851657e-16
            ],
            "label": "Sb3+",
            "properties": {
                "coordination": {
                    "Cu": 0.0,
                    "Sb": 0.0,
                    "Pb": 0.0,
                    "S": 3.0
                }
            }
        },
        {
            "species": [
                {
                    "element": "Pb",
                    "oxidation_state": 2.0,
                    "occu": 1.0
                }
            ],
            "abc": [
                0.92506,
                0.4915400000000001,
                0.5
            ],
            "xyz": [
                7.22564366,
                4.00703408,
                4.352000000000001
            ],
            "label": "Pb2+",
            "properties": {
                "coordination": {
                    "Cu": 0.0,
                    "Sb": 0.0,
                    "Pb": 0.0,
                    "S": 8.0
                }
            }
        },
        {
            "species": [
                {
                    "element": "Pb",
                    "oxidation_state": 2.0,
                    "occu": 1.0
                }
            ],
            "abc": [
                0.07494,
                0.99154,
                0.0
            ],
            "xyz": [
                0.5853563399999996,
                8.08303408,
                5.307858290806289e-16
            ],
            "label": "Pb2+",
            "properties": {
                "coordination": {
                    "Cu": 0.0,
                    "Sb": 0.0,
                    "Pb": 0.0,
                    "S": 8.0
                }
            }
        },
        {
            "species": [
                {
                    "element": "Pb",
                    "oxidation_state": 2.0,
                    "occu": 1.0
                }
            ],
            "abc": [
                0.44299999999999995,
                0.676219,
                0.0
            ],