{
    "@module": "pymatgen.util.provenance",
    "@class": "StructureNL",
    "charge": null,
    "lattice": {
        "matrix": [
            [
                8.82,
                0.0,
                5.400692384239828e-16
            ],
            [
                -5.400692384239828e-16,
                8.82,
                5.400692384239828e-16
            ],
            [
                0.0,
                0.0,
                6.59
            ]
        ],
        "a": 8.82,
        "b": 8.82,
        "c": 6.59,
        "alpha": 90.0,
        "beta": 90.0,
        "gamma": 90.0,
        "volume": 512.651916
    },
    "sites": [
        {
            "species": [
                {
                    "element": "Pb",
                    "oxidation_state": 2.0,
                    "occu": 1.0
                }
            ],
            "abc": [
                0.33899999999999997,
                0.357,
                0.5
            ],
            "xyz": [
                2.9899799999999996,
                3.14874,
                3.2950000000000004
            ],
            "label": "Pb2+",
            "properties": {
                "coordination": {
                    "Pb": 0.0,
                    "O": 3.0
                }
            }
        },
        {
            "species": [
                {
                    "element": "Pb",
                    "oxidation_state": 2.0,
                    "occu": 1.0
                }
            ],
            "abc": [
                0.357,
                0.661,
                0.0
            ],
            "xyz": [
                3.1487399999999997,
                5.83002,
                5.497904847156145e-16
            ],
            "label": "Pb2+",
            "properties": {
                "coordination": {
                    "Pb": 0.0,
                    "O": 3.0
                }
            }
        },
        {
            "species": [
                {
                    "element": "Pb",
                    "oxidation_state": 2.0,
                    "occu": 1.0
                }
            ],
            "abc": [
                0.161,
                0.857,
                0.5
            ],
            "xyz": [
                1.4200199999999996,
                7.55874,
                3.2950000000000004
            ],
            "label": "Pb2+",
            "properties": {
                "coordination": {
                    "Pb": 0.0,
                    "O": 3.0
                }
            }
        },
        {
            "species": [
                {
                    "element": "Pb",
                    "oxidation_state": 2.0,
                    "occu": 1.0
                }
            ],
            "abc": [
                0.857,
                0.839,
                0.0
            ],
            "xyz": [
                7.558739999999999,
                7.39998,
                9.15957428367075e-16
            ],
            "label": "Pb2+",
            "properties": {
                "coordination": {
                    "Pb": 0.0,
                    "O": 3.0
                }
            }
        },
        {
            "species": [
                {
                    "element": "Pb",
                    "oxidation_state": 2.0,
                    "occu": 1.0
                }
            ],
            "abc": [
                0.661,
                0.643,
                0.5
            ],
            "xyz": [
                5.83002,
                5.67126,
                3.295000000000001
            ],
            "label": "Pb2+",
            "properties": {
                "coordination": {
                    "Pb": 0.0,
                    "O": 3.0
                }
            }
        },
        {
            "species": [
                {
                    "element": "Pb",
                    "oxidation_state": 2.0,
                    "occu": 1.0
                }
            ],
            "abc": [
                0.643,
                0.33899999999999997,
                0.0
            ],
            "xyz": [
                5.67126,
                2.9899799999999996,
                5.303479921323511e-16
            ],
            "label": "Pb2+",
            "properties": {
                "coordination": {
                    "Pb": 0.0,
                    "O": 3.0
                }
            }
        },
        {
            "species": [
                {
                    "element": "Pb",
                    "oxidation_state": 2.0,
                    "occu": 1.0
                }
            ],
            "abc": [
                0.839,
                0.143,
                0.5
            ],
            "xyz": [
                7.39998,
                1.26126,
                3.2950000000000004
            ],
            "label": "Pb2+",
            "properties": {
                "coordination": {
                    "Pb": 0.0,
                    "O": 3.0
                }
            }
        },
        {
            "species": [
                {
                    "element": "Pb",
                    "oxidation_state": 2.0,
                    "occu": 1.0
                }
            ],
            "abc": [
                0.143,
                0.161,
                0.0
            ],
            "xyz": [
                1.26126,
                1.42002,
                1.6418104848089075e-16
            ],
            "label": "Pb2+",
            "properties": {
                "coordination": {
                    "Pb": 0.0,
                    "O": 3.0
                }
            }
        },
        {
            "species": [
                {
                    "element": "Pb",
                    "oxidation_state": 4.0,
                    "occu": 1.0
                }
            ],
            "abc": [
                0.0,
                0.5,
                0.75
            ],
            "xyz": [
                -2.700346192119914e-16,
                4.41,
                4.9425
            ],
            "label": "Pb4+",
            "properties": {
                "coordination": {
                    "Pb": 0.0,
                    "O": 6.0
                }
            }
        },
        {
            "species": [
                {
                    "element": "Pb",
                    "oxidation_state": 4.0,
                    "occu": 1.0
                }
            ],
            "abc": [
                0.5,
                0.0,
                0.25
            ],
            "xyz": [
                4.41,
                0.0,
                1.6475000000000002
            ],
            "label": "Pb4+",
            "properties": {
                "coordination": {
                    "Pb": 0.0,
                    "O": 6.0
                }
            }
        },
        {
            "species": [
                {
                    "element": "Pb",
                    "oxidation_state": 4.0,
                    "occu": 1.0
                }
            ],
            "abc": [
                0.5,
                0.0,
                0.75
            ],
            "xyz": [
                4.41,
                0.0,
                4.9425
            ],
            "label": "Pb4+",
            "properties": {
                "coordination": {
                    "Pb": 0.0,
                    "O": 6.0
                }
            }
        },
        {
            "species": [
                {
                    "element": "Pb",
                    "oxidation_state": 4.0,
                    "occu": 1.0
                }
            ],
            "abc": [
                0.0,
                0.5,
                0.25
            ],
            "xyz": [
                -2.700346192119914e-16,
                4.41,
                1.6475000000000002
            ],
            "label": "Pb4+",