{
    "@module": "pymatgen.util.provenance",
    "@class": "StructureNL",
    "charge": null,
    "lattice": {
        "matrix": [
            [
                8.6,
                0.0,
                5.265981236333618e-16
            ],
            [
                -5.265981236333618e-16,
                8.6,
                5.265981236333618e-16
            ],
            [
                0.0,
                0.0,
                8.6
            ]
        ],
        "a": 8.6,
        "b": 8.6,
        "c": 8.6,
        "alpha": 90.0,
        "beta": 90.0,
        "gamma": 90.0,
        "volume": 636.0559999999999
    },
    "sites": [
        {
            "species": [
                {
                    "element": "Th",
                    "oxidation_state": 4.0,
                    "occu": 1.0
                }
            ],
            "abc": [
                0.25,
                0.375,
                0.0
            ],
            "xyz": [
                2.15,
                3.2249999999999996,
                3.2912382727085115e-16
            ],
            "label": "Th4+",
            "properties": {
                "coordination": {
                    "Th": 0.0,
                    "P": 8.0
                }
            }
        },
        {
            "species": [
                {
                    "element": "Th",
                    "oxidation_state": 4.0,
                    "occu": 1.0
                }
            ],
            "abc": [
                0.75,
                0.875,
                0.5
            ],
            "xyz": [
                6.449999999999998,
                7.5249999999999995,
                4.300000000000001
            ],
            "label": "Th4+",
            "properties": {
                "coordination": {
                    "Th": 0.0,
                    "P": 8.0
                }
            }
        },
        {
            "species": [
                {
                    "element": "Th",
                    "oxidation_state": 4.0,
                    "occu": 1.0
                }
            ],
            "abc": [
                0.75,
                0.125,
                0.0
            ],
            "xyz": [
                6.449999999999999,
                1.075,
                4.607733581791917e-16
            ],
            "label": "Th4+",
            "properties": {
                "coordination": {
                    "Th": 0.0,
                    "P": 8.0
                }
            }
        },
        {
            "species": [
                {
                    "element": "Th",
                    "oxidation_state": 4.0,
                    "occu": 1.0
                }
            ],
            "abc": [
                0.25,
                0.625,
                0.5
            ],
            "xyz": [
                2.1499999999999995,
                5.375,
                4.300000000000001
            ],
            "label": "Th4+",
            "properties": {
                "coordination": {
                    "Th": 0.0,
                    "P": 8.0
                }
            }
        },
        {
            "species": [
                {
                    "element": "Th",
                    "oxidation_state": 4.0,
                    "occu": 1.0
                }
            ],
            "abc": [
                0.0,
                0.25,
                0.375
            ],
            "xyz": [
                -1.3164953090834046e-16,
                2.15,
                3.2249999999999996
            ],
            "label": "Th4+",
            "properties": {
                "coordination": {
                    "Th": 0.0,
                    "P": 8.0
                }
            }
        },
        {
            "species": [
                {
                    "element": "Th",
                    "oxidation_state": 4.0,
                    "occu": 1.0
                }
            ],
            "abc": [
                0.5,
                0.75,
                0.875
            ],
            "xyz": [
                4.3,
                6.449999999999999,
                7.525
            ],
            "label": "Th4+",
            "properties": {
                "coordination": {
                    "Th": 0.0,
                    "P": 8.0
                }
            }
        },
        {
            "species": [
                {
                    "element": "Th",
                    "oxidation_state": 4.0,
                    "occu": 1.0
                }
            ],
            "abc": [
                0.0,
                0.75,
                0.125
            ],
            "xyz": [
                -3.949485927250214e-16,
                6.449999999999999,
                1.0750000000000004
            ],
            "label": "Th4+",
            "properties": {
                "coordination": {
                    "Th": 0.0,
                    "P": 8.0
                }
            }
        },
        {
            "species": [
                {
                    "element": "Th",
                    "oxidation_state": 4.0,
                    "occu": 1.0
                }
            ],
            "abc": [
                0.5,
                0.25,
                0.625
            ],
            "xyz": [
                4.3,
                2.15,
                5.375
            ],
            "label": "Th4+",
            "properties": {
                "coordination": {
                    "Th": 0.0,
                    "P": 8.0
                }
            }
        },
        {
            "species": [
                {
                    "element": "Th",
                    "oxidation_state": 4.0,
                    "occu": 1.0
                }
            ],
            "abc": [
                0.375,
                0.0,
                0.25
            ],
            "xyz": [
                3.2249999999999996,
                0.0,
                2.15
            ],
            "label": "Th4+",
            "properties": {
                "coordination": {
                    "Th": 0.0,
                    "P": 8.0
                }
            }
        },
        {
            "species": [
                {
                    "element": "Th",
                    "oxidation_state": 4.0,
                    "occu": 1.0
                }
            ],
            "abc": [
                0.875,
                0.5,
                0.75
            ],
            "xyz": [
                7.5249999999999995,
                4.3,
                6.45
            ],
            "label": "Th4+",
            "properties": {
                "coordination": {
                    "Th": 0.0,
                    "P": 8.0
                }
            }
        },
        {
            "species": [
                {
                    "element": "Th",
                    "oxidation_state": 4.0,
                    "occu": 1.0
                }
            ],
            "abc": [
                0.125,
                0.0,
                0.75
            ],
            "xyz": [
                1.075,
                0.0,
                6.449999999999999
            ],
            "label": "Th4+",
            "properties": {
                "coordination": {
                    "Th": 0.0,
                    "P": 8.0
                }
            }
        },
        {
            "species": [
                {
                    "element": "Th",
                    "oxidation_state": 4.0,
                    "occu": 1.0
                }
            ],
            "abc": [
                0.625,
                0.5,
                0.25
            ],
            "xyz": [
                5.375,
                4.3,
                2.1500000000000004
            ],
            "label": "Th4+",
            "properties": {
                "coordination": {
                    "Th": 0.0,