{
    "@module": "pymatgen.util.provenance",
    "@class": "StructureNL",
    "charge": null,
    "lattice": {
        "matrix": [
            [
                5.027,
                0.0,
                3.0781497296568723e-16
            ],
            [
                -2.5134999999999987,
                4.353509704824374,
                3.0781497296568723e-16
            ],
            [
                0.0,
                0.0,
                11.213
            ]
        ],
        "a": 5.027,
        "b": 5.027,
        "c": 11.213,
        "alpha": 90.0,
        "beta": 90.0,
        "gamma": 119.99999999999999,
        "volume": 245.39755101762378
    },
    "sites": [
        {
            "species": [
                {
                    "element": "Al",
                    "oxidation_state": 3.0,
                    "occu": 1.0
                }
            ],
            "abc": [
                0.4585,
                0.0,
                0.3333333333333333
            ],
            "xyz": [
                2.3048795,
                0.0,
                3.7376666666666662
            ],
            "label": "Al3+",
            "properties": {
                "coordination": {
                    "Al": 0.0,
                    "As": 0.0,
                    "O": 4.0
                }
            }
        },
        {
            "species": [
                {
                    "element": "Al",
                    "oxidation_state": 3.0,
                    "occu": 1.0
                }
            ],
            "abc": [
                0.5415,
                0.5415,
                0.0
            ],
            "xyz": [
                1.3610602500000006,
                2.3574255051623982,
                3.333636157218393e-16
            ],
            "label": "Al3+",
            "properties": {
                "coordination": {
                    "Al": 0.0,
                    "As": 0.0,
                    "O": 4.0
                }
            }
        },
        {
            "species": [
                {
                    "element": "Al",
                    "oxidation_state": 3.0,
                    "occu": 1.0
                }
            ],
            "abc": [
                0.0,
                0.4585,
                0.6666666666666667
            ],
            "xyz": [
                -1.1524397499999994,
                1.9960841996619756,
                7.475333333333333
            ],
            "label": "Al3+",
            "properties": {
                "coordination": {
                    "Al": 0.0,
                    "As": 0.0,
                    "O": 4.0
                }
            }
        },
        {
            "species": [
                {
                    "element": "As",
                    "oxidation_state": 5.0,
                    "occu": 1.0
                }
            ],
            "abc": [
                0.45704,
                0.0,
                0.8333666666666666
            ],
            "xyz": [
                2.29754008,
                0.0,
                9.344540433333332
            ],
            "label": "As5+",
            "properties": {
                "coordination": {
                    "Al": 0.0,
                    "As": 0.0,
                    "O": 4.0
                }
            }
        },
        {
            "species": [
                {
                    "element": "As",
                    "oxidation_state": 5.0,
                    "occu": 1.0
                }
            ],
            "abc": [
                0.54296,
                0.54296,
                0.5000333333333333
            ],
            "xyz": [
                1.3647299600000007,
                2.363781629331442,
                5.606873766666666
            ],
            "label": "As5+",
            "properties": {
                "coordination": {
                    "Al": 0.0,
                    "As": 0.0,
                    "O": 4.0
                }
            }
        },
        {
            "species": [
                {
                    "element": "As",
                    "oxidation_state": 5.0,
                    "occu": 1.0
                }
            ],
            "abc": [
                0.0,
                0.45704,
                0.16669999999999996
            ],
            "xyz": [
                -1.1487700399999994,
                1.9897280754929318,
                1.8692070999999997
            ],
            "label": "As5+",
            "properties": {
                "coordination": {
                    "Al": 0.0,
                    "As": 0.0,
                    "O": 4.0
                }
            }
        },
        {
            "species": [
                {
                    "element": "O",
                    "oxidation_state": -2.0,
                    "occu": 1.0
                }
            ],
            "abc": [
                0.11059999999999998,
                0.7031000000000001,
                0.2752666666666666
            ],
            "xyz": [
                -1.2112556499999996,
                3.0609526734620176,
                3.086565133333333
            ],
            "label": "O2-",
            "properties": {
                "coordination": {
                    "Al": 1.0,
                    "As": 1.0,
                    "O": 0.0
                }
            }
        },
        {
            "species": [
                {
                    "element": "O",
                    "oxidation_state": -2.0,
                    "occu": 1.0
                }
            ],
            "abc": [
                0.5925,
                0.8894,
                0.9419333333333333
            ],
            "xyz": [
                0.7429906000000011,
                3.872011531470798,
                10.561898466666666
            ],
            "label": "O2-",
            "properties": {
                "coordination": {
                    "Al": 1.0,
                    "As": 1.0,
                    "O": 0.0
                }
            }
        },
        {
            "species": [
                {
                    "element": "O",
                    "oxidation_state": -2.0,
                    "occu": 1.0
                }
            ],
            "abc": [
                0.2969,
                0.4075,
                0.6086
            ],
            "xyz": [
                0.46826505000000074,
                1.7740552047159321,
                6.8242318
            ],
            "label": "O2-",
            "properties": {
                "coordination": {
                    "Al": 1.0,
                    "As": 1.0,
                    "O": 0.0
                }
            }
        },
        {
            "species": [
                {
                    "element": "O",
                    "oxidation_state": -2.0,
                    "occu": 1.0
                }
            ],
            "abc": [
                0.8894,
                0.5925,
                0.05806666666666671
            ],
            "xyz": [
                2.9817650500000004,
                2.5794545001084415,
                0.6511015333333342
            ],
            "label": "O2-",
            "properties": {
                "coordination": {
                    "Al": 1.0,
                    "As": 1.0,
                    "O": 0.0
                }
            }
        },
        {
            "species": [
                {
                    "element": "O",
                    "oxidation_state": -2.0,
                    "occu": 1.0
                }
            ],
            "abc": [
                0.7031000000000001,
                0.11059999999999998,
                0.7247333333333333
            ],
            "xyz": [
                3.2564906000000007,
                0.48149817335357564,
                8.126434866666667
            ],
            "label": "O2-",