{
    "@module": "pymatgen.util.provenance",
    "@class": "StructureNL",
    "charge": null,
    "lattice": {
        "matrix": [
            [
                5.243,
                0.0,
                3.2104115839647867e-16
            ],
            [
                -3.2104115839647867e-16,
                5.243,
                3.2104115839647867e-16
            ],
            [
                0.0,
                0.0,
                11.376
            ]
        ],
        "a": 5.243,
        "b": 5.243,
        "c": 11.376,
        "alpha": 90.0,
        "beta": 90.0,
        "gamma": 90.0,
        "volume": 312.71542142400006
    },
    "sites": [
        {
            "species": [
                {
                    "element": "Ca",
                    "oxidation_state": 2.0,
                    "occu": 1.0
                }
            ],
            "abc": [
                0.5,
                0.75,
                0.125
            ],
            "xyz": [
                2.6214999999999997,
                3.9322500000000002,
                1.4220000000000004
            ],
            "label": "Ca2+",
            "properties": {
                "coordination": {
                    "Ca": 0.0,
                    "W": 0.0,
                    "O": 8.0
                }
            }
        },
        {
            "species": [
                {
                    "element": "Ca",
                    "oxidation_state": 2.0,
                    "occu": 1.0
                }
            ],
            "abc": [
                0.0,
                0.75,
                0.375
            ],
            "xyz": [
                -2.40780868797359e-16,
                3.9322500000000002,
                4.266
            ],
            "label": "Ca2+",
            "properties": {
                "coordination": {
                    "Ca": 0.0,
                    "W": 0.0,
                    "O": 8.0
                }
            }
        },
        {
            "species": [
                {
                    "element": "Ca",
                    "oxidation_state": 2.0,
                    "occu": 1.0
                }
            ],
            "abc": [
                0.5,
                0.25,
                0.875
            ],
            "xyz": [
                2.6215,
                1.31075,
                9.953999999999999
            ],
            "label": "Ca2+",
            "properties": {
                "coordination": {
                    "Ca": 0.0,
                    "W": 0.0,
                    "O": 8.0
                }
            }
        },
        {
            "species": [
                {
                    "element": "Ca",
                    "oxidation_state": 2.0,
                    "occu": 1.0
                }
            ],
            "abc": [
                0.0,
                0.25,
                0.625
            ],
            "xyz": [
                -8.026028959911967e-17,
                1.31075,
                7.109999999999999
            ],
            "label": "Ca2+",
            "properties": {
                "coordination": {
                    "Ca": 0.0,
                    "W": 0.0,
                    "O": 8.0
                }
            }
        },
        {
            "species": [
                {
                    "element": "W",
                    "oxidation_state": 6.0,
                    "occu": 1.0
                }
            ],
            "abc": [
                0.5,
                0.75,
                0.625
            ],
            "xyz": [
                2.6214999999999997,
                3.9322500000000002,
                7.109999999999999
            ],
            "label": "W6+",
            "properties": {
                "coordination": {
                    "Ca": 0.0,
                    "W": 0.0,
                    "O": 4.0
                }
            }
        },
        {
            "species": [
                {
                    "element": "W",
                    "oxidation_state": 6.0,
                    "occu": 1.0
                }
            ],
            "abc": [
                0.0,
                0.75,
                0.875
            ],
            "xyz": [
                -2.40780868797359e-16,
                3.9322500000000002,
                9.953999999999999
            ],
            "label": "W6+",
            "properties": {
                "coordination": {
                    "Ca": 0.0,
                    "W": 0.0,
                    "O": 4.0
                }
            }
        },
        {
            "species": [
                {
                    "element": "W",
                    "oxidation_state": 6.0,
                    "occu": 1.0
                }
            ],
            "abc": [
                0.5,
                0.25,
                0.375
            ],
            "xyz": [
                2.6215,
                1.31075,
                4.266
            ],
            "label": "W6+",
            "properties": {
                "coordination": {
                    "Ca": 0.0,
                    "W": 0.0,
                    "O": 4.0
                }
            }
        },
        {
            "species": [
                {
                    "element": "W",
                    "oxidation_state": 6.0,
                    "occu": 1.0
                }
            ],
            "abc": [
                0.0,
                0.25,
                0.125
            ],
            "xyz": [
                -8.026028959911967e-17,
                1.31075,
                1.422
            ],
            "label": "W6+",
            "properties": {
                "coordination": {
                    "Ca": 0.0,
                    "W": 0.0,
                    "O": 4.0
                }
            }
        },
        {
            "species": [
                {
                    "element": "O",
                    "oxidation_state": -2.0,
                    "occu": 1.0
                }
            ],
            "abc": [
                0.7415,
                0.9004,
                0.5388999999999999
            ],
            "xyz": [
                3.8876845,
                4.7207972,
                6.1305264
            ],
            "label": "O2-",
            "properties": {
                "coordination": {
                    "Ca": 2.0,
                    "W": 1.0,
                    "O": 0.0
                }
            }
        },
        {
            "species": [
                {
                    "element": "O",
                    "oxidation_state": -2.0,
                    "occu": 1.0
                }
            ],
            "abc": [
                0.2585,
                0.5996,
                0.5388999999999999
            ],
            "xyz": [
                1.3553155,
                3.1437028000000002,
                6.130526399999999
            ],
            "label": "O2-",
            "properties": {
                "coordination": {
                    "Ca": 2.0,
                    "W": 1.0,
                    "O": 0.0
                }
            }
        },
        {
            "species": [
                {
                    "element": "O",
                    "oxidation_state": -2.0,
                    "occu": 1.0
                }
            ],
            "abc": [
                0.1504,
                0.5085,
                0.7888999999999999
            ],
            "xyz": [
                0.7885472,
                2.6660654999999998,
                8.974526399999998
            ],
            "label": "O2-",
            "properties": {
                "coordination": {
                    "Ca": 2.0,
                    "W": 1.0,
                    "O": 0.0
                }
            }
        },
        {
            "species": [
                {
                    "element": "O",