{
    "@module": "pymatgen.util.provenance",
    "@class": "StructureNL",
    "charge": null,
    "lattice": {
        "matrix": [
            [
                6.605891660909342,
                0.0,
                -1.5713088188922022
            ],
            [
                -4.2986939620270817e-16,
                7.0203,
                4.2986939620270817e-16
            ],
            [
                0.0,
                0.0,
                6.4674
            ]
        ],
        "a": 6.7902,
        "b": 7.0203,
        "c": 6.4674,
        "alpha": 90.0,
        "beta": 103.37999999999998,
        "gamma": 90.0,
        "volume": 299.92788185202915
    },
    "sites": [
        {
            "species": [
                {
                    "element": "Ce",
                    "oxidation_state": 3.0,
                    "occu": 1.0
                }
            ],
            "abc": [
                0.21848,
                0.6592899999999999,
                0.39994
            ],
            "xyz": [
                1.443255210075473,
                4.628413586999999,
                2.243272405248432
            ],
            "label": "Ce3+",
            "properties": {
                "coordination": {
                    "Ce": 0.0,
                    "P": 0.0,
                    "O": 9.0
                }
            }
        },
        {
            "species": [
                {
                    "element": "Ce",
                    "oxidation_state": 3.0,
                    "occu": 1.0
                }
            ],
            "abc": [
                0.71848,
                0.8407100000000001,
                0.89994
            ],
            "xyz": [
                4.746201040530144,
                5.902036413,
                4.69131799580233
            ],
            "label": "Ce3+",
            "properties": {
                "coordination": {
                    "Ce": 0.0,
                    "P": 0.0,
                    "O": 9.0
                }
            }
        },
        {
            "species": [
                {
                    "element": "Ce",
                    "oxidation_state": 3.0,
                    "occu": 1.0
                }
            ],
            "abc": [
                0.78152,
                0.34071,
                0.60006
            ],
            "xyz": [
                5.162636450833869,
                2.391886413,
                2.652818775859366
            ],
            "label": "Ce3+",
            "properties": {
                "coordination": {
                    "Ce": 0.0,
                    "P": 0.0,
                    "O": 9.0
                }
            }
        },
        {
            "species": [
                {
                    "element": "Ce",
                    "oxidation_state": 3.0,
                    "occu": 1.0
                }
            ],
            "abc": [
                0.28152,
                0.15929,
                0.10006
            ],
            "xyz": [
                1.8596906203791979,
                1.118263587,
                0.20477318530546723
            ],
            "label": "Ce3+",
            "properties": {
                "coordination": {
                    "Ce": 0.0,
                    "P": 0.0,
                    "O": 9.0
                }
            }
        },
        {
            "species": [
                {
                    "element": "P",
                    "oxidation_state": 5.0,
                    "occu": 1.0
                }
            ],
            "abc": [
                0.19519999999999998,
                0.663,
                0.8879
            ],
            "xyz": [
                1.2894700522095033,
                4.6544589,
                5.435684978552242
            ],
            "label": "P5+",
            "properties": {
                "coordination": {
                    "Ce": 0.0,
                    "P": 0.0,
                    "O": 4.0
                }
            }
        },
        {
            "species": [
                {
                    "element": "P",
                    "oxidation_state": 5.0,
                    "occu": 1.0
                }
            ],
            "abc": [
                0.6952,
                0.837,
                0.3879
            ],
            "xyz": [
                4.5924158826641746,
                5.875991099999999,
                1.4163305691061416
            ],
            "label": "P5+",
            "properties": {
                "coordination": {
                    "Ce": 0.0,
                    "P": 0.0,
                    "O": 4.0
                }
            }
        },
        {
            "species": [
                {
                    "element": "P",
                    "oxidation_state": 5.0,
                    "occu": 1.0
                }
            ],
            "abc": [
                0.8048,
                0.33699999999999997,
                0.11209999999999987
            ],
            "xyz": [
                5.316421608699838,
                2.3658410999999995,
                -0.539593797444445
            ],
            "label": "P5+",
            "properties": {
                "coordination": {
                    "Ce": 0.0,
                    "P": 0.0,
                    "O": 4.0
                }
            }
        },
        {
            "species": [
                {
                    "element": "P",
                    "oxidation_state": 5.0,
                    "occu": 1.0
                }
            ],
            "abc": [
                0.3048,
                0.163,
                0.6121
            ],
            "xyz": [
                2.0134757782451675,
                1.1443089,
                3.479760612001656
            ],
            "label": "P5+",
            "properties": {
                "coordination": {
                    "Ce": 0.0,
                    "P": 0.0,
                    "O": 4.0
                }
            }
        },
        {
            "species": [
                {
                    "element": "O",
                    "oxidation_state": -2.0,
                    "occu": 1.0
                }
            ],
            "abc": [
                0.2499,
                0.5068,
                0.05499999999999999
            ],
            "xyz": [
                1.6508123260612444,
                3.55788804,
                -0.03696307384116121
            ],
            "label": "O2-",
            "properties": {
                "coordination": {
                    "Ce": 2.0,
                    "P": 1.0,
                    "O": 0.0
                }
            }
        },
        {
            "species": [
                {
                    "element": "O",
                    "oxidation_state": -2.0,
                    "occu": 1.0
                }
            ],
            "abc": [
                0.7499,
                0.9932,
                0.5549999999999999
            ],
            "xyz": [
                4.9537581565159154,
                6.972561959999999,
                2.411082516712738
            ],
            "label": "O2-",
            "properties": {
                "coordination": {
                    "Ce": 2.0,
                    "P": 1.0,
                    "O": 0.0
                }
            }
        },
        {
            "species": [
                {
                    "element": "O",
                    "oxidation_state": -2.0,
                    "occu": 1.0
                }
            ],
            "abc": [
                0.7501,
                0.4932,
                0.9450000000000001
            ],
            "xyz": [
                4.955079334848097,
                3.4624119600000003,
                4.933054254948959
            ],
            "label": "O2-",