{
    "@module": "pymatgen.util.provenance",
    "@class": "StructureNL",
    "charge": null,
    "lattice": {
        "matrix": [
            [
                5.568,
                0.0,
                3.409416688826231e-16
            ],
            [
                -5.025950463700737e-16,
                8.208,
                5.025950463700737e-16
            ],
            [
                0.0,
                0.0,
                5.977
            ]
        ],
        "a": 5.568,
        "b": 8.208,
        "c": 5.977,
        "alpha": 90.0,
        "beta": 90.0,
        "gamma": 90.0,
        "volume": 273.161714688
    },
    "sites": [
        {
            "species": [
                {
                    "element": "V",
                    "oxidation_state": 5.0,
                    "occu": 1.0
                }
            ],
            "abc": [
                0.0,
                0.355,
                0.25
            ],
            "xyz": [
                -1.7842124146137616e-16,
                2.91384,
                1.4942500000000003
            ],
            "label": "V5+",
            "properties": {
                "coordination": {
                    "V": 0.0,
                    "Cr": 0.0,
                    "O": 4.0
                }
            }
        },
        {
            "species": [
                {
                    "element": "V",
                    "oxidation_state": 5.0,
                    "occu": 1.0
                }
            ],
            "abc": [
                0.0,
                0.645,
                0.75
            ],
            "xyz": [
                -3.2417380490869754e-16,
                5.294160000000001,
                4.48275
            ],
            "label": "V5+",
            "properties": {
                "coordination": {
                    "V": 0.0,
                    "Cr": 0.0,
                    "O": 4.0
                }
            }
        },
        {
            "species": [
                {
                    "element": "V",
                    "oxidation_state": 5.0,
                    "occu": 1.0
                }
            ],
            "abc": [
                0.5,
                0.855,
                0.25
            ],
            "xyz": [
                2.7839999999999994,
                7.01784,
                1.4942500000000007
            ],
            "label": "V5+",
            "properties": {
                "coordination": {
                    "V": 0.0,
                    "Cr": 0.0,
                    "O": 4.0
                }
            }
        },
        {
            "species": [
                {
                    "element": "V",
                    "oxidation_state": 5.0,
                    "occu": 1.0
                }
            ],
            "abc": [
                0.5,
                0.14500000000000002,
                0.75
            ],
            "xyz": [
                2.784,
                1.19016,
                4.48275
            ],
            "label": "V5+",
            "properties": {
                "coordination": {
                    "V": 0.0,
                    "Cr": 0.0,
                    "O": 4.0
                }
            }
        },
        {
            "species": [
                {
                    "element": "Cr",
                    "oxidation_state": 3.0,
                    "occu": 1.0
                }
            ],
            "abc": [
                0.0,
                0.0,
                0.5
            ],
            "xyz": [
                0.0,
                0.0,
                2.9885
            ],
            "label": "Cr3+",
            "properties": {
                "coordination": {
                    "V": 0.0,
                    "Cr": 0.0,
                    "O": 6.0
                }
            }
        },
        {
            "species": [
                {
                    "element": "Cr",
                    "oxidation_state": 3.0,
                    "occu": 1.0
                }
            ],
            "abc": [
                0.0,
                0.0,
                0.0
            ],
            "xyz": [
                0.0,
                0.0,
                0.0
            ],
            "label": "Cr3+",
            "properties": {
                "coordination": {
                    "V": 0.0,
                    "Cr": 0.0,
                    "O": 6.0
                }
            }
        },
        {
            "species": [
                {
                    "element": "Cr",
                    "oxidation_state": 3.0,
                    "occu": 1.0
                }
            ],
            "abc": [
                0.5,
                0.5,
                0.5
            ],
            "xyz": [
                2.7839999999999994,
                4.104,
                2.9885000000000006
            ],
            "label": "Cr3+",
            "properties": {
                "coordination": {
                    "V": 0.0,
                    "Cr": 0.0,
                    "O": 6.0
                }
            }
        },
        {
            "species": [
                {
                    "element": "Cr",
                    "oxidation_state": 3.0,
                    "occu": 1.0
                }
            ],
            "abc": [
                0.5,
                0.5,
                0.0
            ],
            "xyz": [
                2.7839999999999994,
                4.104,
                4.2176835762634845e-16
            ],
            "label": "Cr3+",
            "properties": {
                "coordination": {
                    "V": 0.0,
                    "Cr": 0.0,
                    "O": 6.0
                }
            }
        },
        {
            "species": [
                {
                    "element": "O",
                    "oxidation_state": -2.0,
                    "occu": 1.0
                }
            ],
            "abc": [
                0.0,
                0.241,
                0.474
            ],
            "xyz": [
                -1.2112540617518776e-16,
                1.9781279999999999,
                2.833098
            ],
            "label": "O2-",
            "properties": {
                "coordination": {
                    "V": 1.0,
                    "Cr": 1.0,
                    "O": 0.0
                }
            }
        },
        {
            "species": [
                {
                    "element": "O",
                    "oxidation_state": -2.0,
                    "occu": 1.0
                }
            ],
            "abc": [
                0.0,
                0.759,
                0.526
            ],
            "xyz": [
                -3.8146964019488595e-16,
                6.229872,
                3.1439020000000006
            ],
            "label": "O2-",
            "properties": {
                "coordination": {
                    "V": 1.0,
                    "Cr": 1.0,
                    "O": 0.0
                }
            }
        },
        {
            "species": [
                {
                    "element": "O",
                    "oxidation_state": -2.0,
                    "occu": 1.0
                }
            ],
            "abc": [
                0.0,
                0.241,
                0.026
            ],
            "xyz": [
                -1.2112540617518776e-16,
                1.9781279999999999,
                0.15540200000000012
            ],
            "label": "O2-",
            "properties": {
                "coordination": {
                    "V": 1.0,
                    "Cr": 1.0,
                    "O": 0.0
                }
            }
        },
        {
            "species": [
                {
                    "element": "O",
                    "oxidation_state": -2.0,