{
    "@module": "pymatgen.util.provenance",
    "@class": "StructureNL",
    "charge": null,
    "lattice": {
        "matrix": [
            [
                6.52,
                0.0,
                3.992348565220371e-16
            ],
            [
                -4.038272820188397e-16,
                6.595,
                4.038272820188397e-16
            ],
            [
                0.0,
                0.0,
                6.924
            ]
        ],
        "a": 6.52,
        "b": 6.595,
        "c": 6.924,
        "alpha": 90.0,
        "beta": 90.0,
        "gamma": 90.0,
        "volume": 297.72784559999997
    },
    "sites": [
        {
            "species": [
                {
                    "element": "Mg",
                    "oxidation_state": 2.0,
                    "occu": 1.0
                }
            ],
            "abc": [
                0.0,
                0.5,
                0.5
            ],
            "xyz": [
                -2.0191364100941985e-16,
                3.2975,
                3.462
            ],
            "label": "Mg2+",
            "properties": {
                "coordination": {
                    "Mg": 0.0,
                    "U": 0.0,
                    "O": 6.0
                }
            }
        },
        {
            "species": [
                {
                    "element": "Mg",
                    "oxidation_state": 2.0,
                    "occu": 1.0
                }
            ],
            "abc": [
                0.0,
                0.5,
                0.0
            ],
            "xyz": [
                -2.0191364100941985e-16,
                3.2975,
                2.0191364100941985e-16
            ],
            "label": "Mg2+",
            "properties": {
                "coordination": {
                    "Mg": 0.0,
                    "U": 0.0,
                    "O": 6.0
                }
            }
        },
        {
            "species": [
                {
                    "element": "Mg",
                    "oxidation_state": 2.0,
                    "occu": 1.0
                }
            ],
            "abc": [
                0.5,
                0.0,
                0.0
            ],
            "xyz": [
                3.26,
                0.0,
                1.9961742826101855e-16
            ],
            "label": "Mg2+",
            "properties": {
                "coordination": {
                    "Mg": 0.0,
                    "U": 0.0,
                    "O": 6.0
                }
            }
        },
        {
            "species": [
                {
                    "element": "Mg",
                    "oxidation_state": 2.0,
                    "occu": 1.0
                }
            ],
            "abc": [
                0.5,
                0.0,
                0.5
            ],
            "xyz": [
                3.26,
                0.0,
                3.462
            ],
            "label": "Mg2+",
            "properties": {
                "coordination": {
                    "Mg": 0.0,
                    "U": 0.0,
                    "O": 6.0
                }
            }
        },
        {
            "species": [
                {
                    "element": "U",
                    "oxidation_state": 6.0,
                    "occu": 1.0
                }
            ],
            "abc": [
                0.0,
                0.9778,
                0.75
            ],
            "xyz": [
                -3.948623163580215e-16,
                6.4485909999999995,
                5.1930000000000005
            ],
            "label": "U6+",
            "properties": {
                "coordination": {
                    "Mg": 0.0,
                    "U": 0.0,
                    "O": 6.0
                }
            }
        },
        {
            "species": [
                {
                    "element": "U",
                    "oxidation_state": 6.0,
                    "occu": 1.0
                }
            ],
            "abc": [
                0.0,
                0.0222,
                0.25
            ],
            "xyz": [
                -8.964965660818241e-18,
                0.146409,
                1.731
            ],
            "label": "U6+",
            "properties": {
                "coordination": {
                    "Mg": 0.0,
                    "U": 0.0,
                    "O": 6.0
                }
            }
        },
        {
            "species": [
                {
                    "element": "U",
                    "oxidation_state": 6.0,
                    "occu": 1.0
                }
            ],
            "abc": [
                0.5,
                0.4778,
                0.25
            ],
            "xyz": [
                3.26,
                3.151091,
                1.7310000000000005
            ],
            "label": "U6+",
            "properties": {
                "coordination": {
                    "Mg": 0.0,
                    "U": 0.0,
                    "O": 6.0
                }
            }
        },
        {
            "species": [
                {
                    "element": "U",
                    "oxidation_state": 6.0,
                    "occu": 1.0
                }
            ],
            "abc": [
                0.5,
                0.5222,
                0.75
            ],
            "xyz": [
                3.26,
                3.4439089999999997,
                5.1930000000000005
            ],
            "label": "U6+",
            "properties": {
                "coordination": {
                    "Mg": 0.0,
                    "U": 0.0,
                    "O": 6.0
                }
            }
        },
        {
            "species": [
                {
                    "element": "O",
                    "oxidation_state": -2.0,
                    "occu": 1.0
                }
            ],
            "abc": [
                0.7050000000000001,
                0.978,
                0.75
            ],
            "xyz": [
                4.5966000000000005,
                6.44991,
                5.193000000000001
            ],
            "label": "O2-",
            "properties": {
                "coordination": {
                    "Mg": 2.0,
                    "U": 1.0,
                    "O": 0.0
                }
            }
        },
        {
            "species": [
                {
                    "element": "O",
                    "oxidation_state": -2.0,
                    "occu": 1.0
                }
            ],
            "abc": [
                0.7050000000000001,
                0.022,
                0.25
            ],
            "xyz": [
                4.5966000000000005,
                0.14509,
                1.7310000000000003
            ],
            "label": "O2-",
            "properties": {
                "coordination": {
                    "Mg": 2.0,
                    "U": 1.0,
                    "O": 0.0
                }
            }
        },
        {
            "species": [
                {
                    "element": "O",
                    "oxidation_state": -2.0,
                    "occu": 1.0
                }
            ],
            "abc": [
                0.295,
                0.022,
                0.25
            ],
            "xyz": [
                1.9233999999999998,
                0.14509,
                1.7310000000000003
            ],
            "label": "O2-",
            "properties": {
                "coordination": {
                    "Mg": 2.0,
                    "U": 1.0,
                    "O": 0.0
                }
            }
        },
        {
            "species": [
                {
                    "element": "O",
                    "oxidation_state": -2.0,