{
    "@module": "pymatgen.util.provenance",
    "@class": "StructureNL",
    "charge": null,
    "lattice": {
        "matrix": [
            [
                5.557,
                0.0,
                3.4026811314309213e-16
            ],
            [
                -3.0199790066973735e-16,
                4.932,
                3.0199790066973735e-16
            ],
            [
                0.0,
                0.0,
                11.795
            ]
        ],
        "a": 5.557,
        "b": 4.932,
        "c": 11.795,
        "alpha": 90.0,
        "beta": 90.0,
        "gamma": 90.0,
        "volume": 323.26702758000005
    },
    "sites": [
        {
            "species": [
                {
                    "element": "Nb",
                    "oxidation_state": 5.0,
                    "occu": 1.0
                }
            ],
            "abc": [
                0.6055,
                0.5083,
                0.0
            ],
            "xyz": [
                3.3647635000000005,
                2.5069356000000003,
                3.595378754185698e-16
            ],
            "label": "Nb5+",
            "properties": {
                "coordination": {
                    "Sb": 0.0,
                    "Nb": 0.0,
                    "O": 6.0
                }
            }
        },
        {
            "species": [
                {
                    "element": "Nb",
                    "oxidation_state": 5.0,
                    "occu": 1.0
                }
            ],
            "abc": [
                0.3945,
                0.4917,
                0.5
            ],
            "xyz": [
                2.1922365000000004,
                2.4250644,
                5.8975
            ],
            "label": "Nb5+",
            "properties": {
                "coordination": {
                    "Sb": 0.0,
                    "Nb": 0.0,
                    "O": 6.0
                }
            }
        },
        {
            "species": [
                {
                    "element": "Nb",
                    "oxidation_state": 5.0,
                    "occu": 1.0
                }
            ],
            "abc": [
                0.8945,
                0.0083,
                0.5
            ],
            "xyz": [
                4.9707365,
                0.0409356,
                5.8975
            ],
            "label": "Nb5+",
            "properties": {
                "coordination": {
                    "Sb": 0.0,
                    "Nb": 0.0,
                    "O": 6.0
                }
            }
        },
        {
            "species": [
                {
                    "element": "Nb",
                    "oxidation_state": 5.0,
                    "occu": 1.0
                }
            ],
            "abc": [
                0.1055,
                0.9917,
                0.0
            ],
            "xyz": [
                0.5862634999999997,
                4.8910644,
                3.3538960403077476e-16
            ],
            "label": "Nb5+",
            "properties": {
                "coordination": {
                    "Sb": 0.0,
                    "Nb": 0.0,
                    "O": 6.0
                }
            }
        },
        {
            "species": [
                {
                    "element": "Sb",
                    "oxidation_state": 3.0,
                    "occu": 1.0
                }
            ],
            "abc": [
                0.9744999999999999,
                0.4484,
                0.2484
            ],
            "xyz": [
                5.4152965,
                2.2115088000000003,
                2.9298780000000004
            ],
            "label": "Sb3+",
            "properties": {
                "coordination": {
                    "Sb": 0.0,
                    "Nb": 0.0,
                    "O": 6.0
                }
            }
        },
        {
            "species": [
                {
                    "element": "Sb",
                    "oxidation_state": 3.0,
                    "occu": 1.0
                }
            ],
            "abc": [
                0.025500000000000023,
                0.5516,
                0.7484
            ],
            "xyz": [
                0.14170349999999998,
                2.7204912,
                8.827378
            ],
            "label": "Sb3+",
            "properties": {
                "coordination": {
                    "Sb": 0.0,
                    "Nb": 0.0,
                    "O": 6.0
                }
            }
        },
        {
            "species": [
                {
                    "element": "Sb",
                    "oxidation_state": 3.0,
                    "occu": 1.0
                }
            ],
            "abc": [
                0.5255000000000001,
                0.9484,
                0.7484
            ],
            "xyz": [
                2.9202035000000004,
                4.677508800000001,
                8.827378
            ],
            "label": "Sb3+",
            "properties": {
                "coordination": {
                    "Sb": 0.0,
                    "Nb": 0.0,
                    "O": 6.0
                }
            }
        },
        {
            "species": [
                {
                    "element": "Sb",
                    "oxidation_state": 3.0,
                    "occu": 1.0
                }
            ],
            "abc": [
                0.4745,
                0.0516,
                0.2484
            ],
            "xyz": [
                2.6367965,
                0.25449120000000003,
                2.929878
            ],
            "label": "Sb3+",
            "properties": {
                "coordination": {
                    "Sb": 0.0,
                    "Nb": 0.0,
                    "O": 6.0
                }
            }
        },
        {
            "species": [
                {
                    "element": "O",
                    "oxidation_state": -2.0,
                    "occu": 1.0
                }
            ],
            "abc": [
                0.6779,
                0.6655,
                0.8495
            ],
            "xyz": [
                3.7670903,
                3.282246,
                10.0198525
            ],
            "label": "O2-",
            "properties": {
                "coordination": {
                    "Sb": 2.0,
                    "Nb": 1.0,
                    "O": 0.0
                }
            }
        },
        {
            "species": [
                {
                    "element": "O",
                    "oxidation_state": -2.0,
                    "occu": 1.0
                }
            ],
            "abc": [
                0.3221,
                0.3345,
                0.34950000000000003
            ],
            "xyz": [
                1.7899097000000002,
                1.6497540000000002,
                4.122352500000001
            ],
            "label": "O2-",
            "properties": {
                "coordination": {
                    "Sb": 2.0,
                    "Nb": 1.0,
                    "O": 0.0
                }
            }
        },
        {
            "species": [
                {
                    "element": "O",
                    "oxidation_state": -2.0,
                    "occu": 1.0
                }
            ],
            "abc": [
                0.8221,
                0.1655,
                0.34950000000000003
            ],
            "xyz": [
                4.568409700000001,
                0.8162460000000001,
                4.122352500000001
            ],
            "label": "O2-",
            "properties": {
                "coordination": {
                    "Sb": 2.0,
                    "Nb": 1.0,