{
    "@module": "pymatgen.util.provenance",
    "@class": "StructureNL",
    "charge": null,
    "lattice": {
        "matrix": [
            [
                3.6587,
                0.0,
                2.240307622020211e-16
            ],
            [
                -2.240307622020211e-16,
                3.6587,
                2.240307622020211e-16
            ],
            [
                0.0,
                0.0,
                6.4378
            ]
        ],
        "a": 3.6587,
        "b": 3.6587,
        "c": 6.4378,
        "alpha": 90.0,
        "beta": 90.0,
        "gamma": 90.0,
        "volume": 86.176942455082
    },
    "sites": [
        {
            "species": [
                {
                    "element": "Al",
                    "oxidation_state": 3.0,
                    "occu": 1.0
                }
            ],
            "abc": [
                0.0,
                0.0,
                0.0
            ],
            "xyz": [
                0.0,
                0.0,
                0.0
            ],
            "label": "Al3+",
            "properties": {
                "coordination": {
                    "Al": 0.0,
                    "Tl": 0.0,
                    "F": 6.0
                }
            }
        },
        {
            "species": [
                {
                    "element": "Tl",
                    "oxidation_state": 1.0,
                    "occu": 1.0
                }
            ],
            "abc": [
                0.5,
                0.5,
                0.5
            ],
            "xyz": [
                1.8293499999999998,
                1.82935,
                3.2189000000000005
            ],
            "label": "Tl+",
            "properties": {
                "coordination": {
                    "Al": 0.0,
                    "Tl": 0.0,
                    "F": 8.0
                }
            }
        },
        {
            "species": [
                {
                    "element": "F",
                    "oxidation_state": -1.0,
                    "occu": 1.0
                }
            ],
            "abc": [
                0.0,
                0.5,
                0.0
            ],
            "xyz": [
                -1.1201538110101054e-16,
                1.82935,
                1.1201538110101054e-16
            ],
            "label": "F-",
            "properties": {
                "coordination": {
                    "Al": 2.0,
                    "Tl": 0.0,
                    "F": 0.0
                }
            }
        },
        {
            "species": [
                {
                    "element": "F",
                    "oxidation_state": -1.0,
                    "occu": 1.0
                }
            ],
            "abc": [
                0.5,
                0.0,
                0.0
            ],
            "xyz": [
                1.82935,
                0.0,
                1.1201538110101054e-16
            ],
            "label": "F-",
            "properties": {
                "coordination": {
                    "Al": 2.0,
                    "Tl": 0.0,
                    "F": 0.0
                }
            }
        },
        {
            "species": [
                {
                    "element": "F",
                    "oxidation_state": -1.0,
                    "occu": 1.0
                }
            ],
            "abc": [
                0.0,
                0.0,
                0.7272000000000001
            ],
            "xyz": [
                0.0,
                0.0,
                4.68156816
            ],
            "label": "F-",
            "properties": {
                "coordination": {
                    "Al": 1.0,
                    "Tl": 4.0,
                    "F": 0.0
                }
            }
        },
        {
            "species": [
                {
                    "element": "F",
                    "oxidation_state": -1.0,
                    "occu": 1.0
                }
            ],
            "abc": [
                0.0,
                0.0,
                0.2728
            ],
            "xyz": [
                0.0,
                0.0,
                1.7562318399999999
            ],
            "label": "F-",
            "properties": {
                "coordination": {
                    "Al": 1.0,
                    "Tl": 4.0,
                    "F": 0.0
                }
            }
        }
    ],
    "about": {
        "authors": [
            {
                "name": "Alex Ganose",
                "email": "aganose@lbl.gov"
            }
        ],
        "projects": [],
        "references": "@article{cif-reference-0,\n    author = \"Bulou, A.\",\n    title = \" Structural phase transitions in ferroelastic Tl Al F4: DSC investigations and structures determinations by neutron powder profile refinement\",\n    journal = \"Journal of Physics C: Solid State Physics\",\n    volume = \"20\",\n    year = \"1987\",\n    pages = \"2885--2900\"\n}\n",
        "remarks": [
            "Structure is part of MaterialsCoord test set"
        ],
        "history": [],
        "created_at": {
            "@module": "datetime",
            "@class": "datetime",
            "string": "2019-10-12 01:45:35.231196"
        }
    },
    "@version": "2019.9.16"
}