{
    "@module": "pymatgen.util.provenance",
    "@class": "StructureNL",
    "charge": null,
    "lattice": {
        "matrix": [
            [
                8.604,
                0.0,
                5.268430529931913e-16
            ],
            [
                -4.1307336535240227e-16,
                6.746,
                4.1307336535240227e-16
            ],
            [
                0.0,
                0.0,
                4.774
            ]
        ],
        "a": 8.604,
        "b": 6.746,
        "c": 4.774,
        "alpha": 90.0,
        "beta": 90.0,
        "gamma": 90.0,
        "volume": 277.09529601599996
    },
    "sites": [
        {
            "species": [
                {
                    "element": "Zn",
                    "oxidation_state": 2.0,
                    "occu": 1.0
                }
            ],
            "abc": [
                0.5,
                0.0,
                0.5
            ],
            "xyz": [
                4.302,
                0.0,
                2.3870000000000005
            ],
            "label": "Zn2+",
            "properties": {
                "coordination": {
                    "Zn": 0.0,
                    "S": 0.0,
                    "O": 6.0
                }
            }
        },
        {
            "species": [
                {
                    "element": "Zn",
                    "oxidation_state": 2.0,
                    "occu": 1.0
                }
            ],
            "abc": [
                0.0,
                0.5,
                0.0
            ],
            "xyz": [
                -2.0653668267620114e-16,
                3.373,
                2.0653668267620114e-16
            ],
            "label": "Zn2+",
            "properties": {
                "coordination": {
                    "Zn": 0.0,
                    "S": 0.0,
                    "O": 6.0
                }
            }
        },
        {
            "species": [
                {
                    "element": "Zn",
                    "oxidation_state": 2.0,
                    "occu": 1.0
                }
            ],
            "abc": [
                0.5,
                0.5,
                0.5
            ],
            "xyz": [
                4.302,
                3.373,
                2.3870000000000005
            ],
            "label": "Zn2+",
            "properties": {
                "coordination": {
                    "Zn": 0.0,
                    "S": 0.0,
                    "O": 6.0
                }
            }
        },
        {
            "species": [
                {
                    "element": "Zn",
                    "oxidation_state": 2.0,
                    "occu": 1.0
                }
            ],
            "abc": [
                0.0,
                0.0,
                0.0
            ],
            "xyz": [
                0.0,
                0.0,
                0.0
            ],
            "label": "Zn2+",
            "properties": {
                "coordination": {
                    "Zn": 0.0,
                    "S": 0.0,
                    "O": 6.0
                }
            }
        },
        {
            "species": [
                {
                    "element": "S",
                    "oxidation_state": 6.0,
                    "occu": 1.0
                }
            ],
            "abc": [
                0.6802900000000001,
                0.25,
                0.033409999999999995
            ],
            "xyz": [
                5.85321516,
                1.6865,
                0.15949934000000046
            ],
            "label": "S6+",
            "properties": {
                "coordination": {
                    "Zn": 0.0,
                    "S": 0.0,
                    "O": 4.0
                }
            }
        },
        {
            "species": [
                {
                    "element": "S",
                    "oxidation_state": 6.0,
                    "occu": 1.0
                }
            ],
            "abc": [
                0.18029,
                0.25,
                0.46659
            ],
            "xyz": [
                1.55121516,
                1.6865,
                2.22750066
            ],
            "label": "S6+",
            "properties": {
                "coordination": {
                    "Zn": 0.0,
                    "S": 0.0,
                    "O": 4.0
                }
            }
        },
        {
            "species": [
                {
                    "element": "S",
                    "oxidation_state": 6.0,
                    "occu": 1.0
                }
            ],
            "abc": [
                0.31971,
                0.75,
                0.9665900000000001
            ],
            "xyz": [
                2.7507848399999992,
                5.0595,
                4.614500660000001
            ],
            "label": "S6+",
            "properties": {
                "coordination": {
                    "Zn": 0.0,
                    "S": 0.0,
                    "O": 4.0
                }
            }
        },
        {
            "species": [
                {
                    "element": "S",
                    "oxidation_state": 6.0,
                    "occu": 1.0
                }
            ],
            "abc": [
                0.8197099999999999,
                0.75,
                0.5334099999999999
            ],
            "xyz": [
                7.052784839999998,
                5.0595,
                2.5464993400000004
            ],
            "label": "S6+",
            "properties": {
                "coordination": {
                    "Zn": 0.0,
                    "S": 0.0,
                    "O": 4.0
                }
            }
        },
        {
            "species": [
                {
                    "element": "O",
                    "oxidation_state": -2.0,
                    "occu": 1.0
                }
            ],
            "abc": [
                0.6279,
                0.25,
                0.7378
            ],
            "xyz": [
                5.4024516,
                1.6865,
                3.5222572000000003
            ],
            "label": "O2-",
            "properties": {
                "coordination": {
                    "Zn": 2.0,
                    "S": 1.0,
                    "O": 0.0
                }
            }
        },
        {
            "species": [
                {
                    "element": "O",
                    "oxidation_state": -2.0,
                    "occu": 1.0
                }
            ],
            "abc": [
                0.1279,
                0.25,
                0.7622
            ],
            "xyz": [
                1.1004516,
                1.6865,
                3.6387428
            ],
            "label": "O2-",
            "properties": {
                "coordination": {
                    "Zn": 2.0,
                    "S": 1.0,
                    "O": 0.0
                }
            }
        },
        {
            "species": [
                {
                    "element": "O",
                    "oxidation_state": -2.0,
                    "occu": 1.0
                }
            ],
            "abc": [
                0.3721,
                0.75,
                0.2622
            ],
            "xyz": [
                3.201548399999999,
                5.0595,
                1.2517428000000004
            ],
            "label": "O2-",
            "properties": {
                "coordination": {
                    "Zn": 2.0,
                    "S": 1.0,
                    "O": 0.0
                }
            }
        },
        {
            "species": [
                {
                    "element": "O",
                    "oxidation_state": -2.0,