{
    "@module": "pymatgen.util.provenance",
    "@class": "StructureNL",
    "charge": null,
    "lattice": {
        "matrix": [
            [
                6.607,
                0.0,
                4.0456207009832814e-16
            ],
            [
                -4.0456207009832814e-16,
                6.607,
                4.0456207009832814e-16
            ],
            [
                0.0,
                0.0,
                5.982
            ]
        ],
        "a": 6.607,
        "b": 6.607,
        "c": 5.982,
        "alpha": 90.0,
        "beta": 90.0,
        "gamma": 90.0,
        "volume": 261.12894991800005
    },
    "sites": [
        {
            "species": [
                {
                    "element": "Zr",
                    "oxidation_state": 4.0,
                    "occu": 1.0
                }
            ],
            "abc": [
                0.0,
                0.75,
                0.125
            ],
            "xyz": [
                -3.034215525737461e-16,
                4.95525,
                0.7477500000000004
            ],
            "label": "Zr4+",
            "properties": {
                "coordination": {
                    "Zr": 0.0,
                    "Si": 0.0,
                    "O": 8.0
                }
            }
        },
        {
            "species": [
                {
                    "element": "Zr",
                    "oxidation_state": 4.0,
                    "occu": 1.0
                }
            ],
            "abc": [
                0.0,
                0.25,
                0.875
            ],
            "xyz": [
                -1.0114051752458204e-16,
                1.65175,
                5.23425
            ],
            "label": "Zr4+",
            "properties": {
                "coordination": {
                    "Zr": 0.0,
                    "Si": 0.0,
                    "O": 8.0
                }
            }
        },
        {
            "species": [
                {
                    "element": "Zr",
                    "oxidation_state": 4.0,
                    "occu": 1.0
                }
            ],
            "abc": [
                0.5,
                0.25,
                0.625
            ],
            "xyz": [
                3.3035,
                1.65175,
                3.7387500000000005
            ],
            "label": "Zr4+",
            "properties": {
                "coordination": {
                    "Zr": 0.0,
                    "Si": 0.0,
                    "O": 8.0
                }
            }
        },
        {
            "species": [
                {
                    "element": "Zr",
                    "oxidation_state": 4.0,
                    "occu": 1.0
                }
            ],
            "abc": [
                0.5,
                0.75,
                0.375
            ],
            "xyz": [
                3.3034999999999997,
                4.95525,
                2.2432500000000006
            ],
            "label": "Zr4+",
            "properties": {
                "coordination": {
                    "Zr": 0.0,
                    "Si": 0.0,
                    "O": 8.0
                }
            }
        },
        {
            "species": [
                {
                    "element": "Si",
                    "oxidation_state": 4.0,
                    "occu": 1.0
                }
            ],
            "abc": [
                0.0,
                0.75,
                0.625
            ],
            "xyz": [
                -3.034215525737461e-16,
                4.95525,
                3.7387500000000005
            ],
            "label": "Si4+",
            "properties": {
                "coordination": {
                    "Zr": 0.0,
                    "Si": 0.0,
                    "O": 4.0
                }
            }
        },
        {
            "species": [
                {
                    "element": "Si",
                    "oxidation_state": 4.0,
                    "occu": 1.0
                }
            ],
            "abc": [
                0.0,
                0.25,
                0.375
            ],
            "xyz": [
                -1.0114051752458204e-16,
                1.65175,
                2.24325
            ],
            "label": "Si4+",
            "properties": {
                "coordination": {
                    "Zr": 0.0,
                    "Si": 0.0,
                    "O": 4.0
                }
            }
        },
        {
            "species": [
                {
                    "element": "Si",
                    "oxidation_state": 4.0,
                    "occu": 1.0
                }
            ],
            "abc": [
                0.5,
                0.25,
                0.125
            ],
            "xyz": [
                3.3035,
                1.65175,
                0.7477500000000004
            ],
            "label": "Si4+",
            "properties": {
                "coordination": {
                    "Zr": 0.0,
                    "Si": 0.0,
                    "O": 4.0
                }
            }
        },
        {
            "species": [
                {
                    "element": "Si",
                    "oxidation_state": 4.0,
                    "occu": 1.0
                }
            ],
            "abc": [
                0.5,
                0.75,
                0.875
            ],
            "xyz": [
                3.3034999999999997,
                4.95525,
                5.234250000000001
            ],
            "label": "Si4+",
            "properties": {
                "coordination": {
                    "Zr": 0.0,
                    "Si": 0.0,
                    "O": 4.0
                }
            }
        },
        {
            "species": [
                {
                    "element": "O",
                    "oxidation_state": -2.0,
                    "occu": 1.0
                }
            ],
            "abc": [
                0.3161,
                0.75,
                0.0547
            ],
            "xyz": [
                2.0884726999999996,
                4.95525,
                0.32721540000000043
            ],
            "label": "O2-",
            "properties": {
                "coordination": {
                    "Zr": 2.0,
                    "Si": 1.0,
                    "O": 0.0
                }
            }
        },
        {
            "species": [
                {
                    "element": "O",
                    "oxidation_state": -2.0,
                    "occu": 1.0
                }
            ],
            "abc": [
                0.0,
                0.5661,
                0.8047
            ],
            "xyz": [
                -2.2902258788266356e-16,
                3.7402227000000003,
                4.8137154
            ],
            "label": "O2-",
            "properties": {
                "coordination": {
                    "Zr": 2.0,
                    "Si": 1.0,
                    "O": 0.0
                }
            }
        },
        {
            "species": [
                {
                    "element": "O",
                    "oxidation_state": -2.0,
                    "occu": 1.0
                }
            ],
            "abc": [
                0.0,
                0.9339,
                0.8047
            ],
            "xyz": [
                -3.7782051726482863e-16,
                6.1702772999999995,
                4.8137154
            ],
            "label": "O2-",
            "properties": {
                "coordination": {
                    "Zr": 2.0,
                    "Si": 1.0,
                    "O": 0.0
                }
            }
        },
        {
            "species": [
                {
                    "element": "O",