{
   "@module":"pymatgen.util.provenance",
   "@class":"StructureNL",
   "charge":null,
   "lattice":{
      "matrix":[
         [
            6.6847,
            0.0,
            4.093198229130156e-16
         ],
         [
            -4.093198229130156e-16,
            6.6847,
            4.093198229130156e-16
         ],
         [
            0.0,
            0.0,
            6.6847
         ]
      ],
      "a":6.6847,
      "b":6.6847,
      "c":6.6847,
      "alpha":90.0,
      "beta":90.0,
      "gamma":90.0,
      "volume":298.70725062742304
   },
   "sites":[
      {
         "species":[
            {
               "element":"Mg",
               "oxidation_state":0.0,
               "occu":1.0
            }
         ],
         "abc":[
            0.5,
            0.5,
            0.5
         ],
         "xyz":[
            3.34235,
            3.34235,
            3.3423500000000006
         ],
         "label":"Mg0+",
         "properties":{
            "coordination":{
               "Ag":4,
               "Sb":6
            }
         }
      },
      {
         "species":[
            {
               "element":"Mg",
               "oxidation_state":0.0,
               "occu":1.0
            }
         ],
         "abc":[
            0.5,
            0.0,
            0.0
         ],
         "xyz":[
            3.34235,
            0.0,
            2.046599114565078e-16
         ],
         "label":"Mg0+",
         "properties":{
            "coordination":{
               "Ag":4,
               "Sb":6
            }
         }
      },
      {
         "species":[
            {
               "element":"Mg",
               "oxidation_state":0.0,
               "occu":1.0
            }
         ],
         "abc":[
            0.0,
            0.5,
            0.0
         ],
         "xyz":[
            -2.046599114565078e-16,
            3.34235,
            2.046599114565078e-16
         ],
         "label":"Mg0+",
         "properties":{
            "coordination":{
               "Ag":4,
               "Sb":6
            }
         }
      },
      {
         "species":[
            {
               "element":"Mg",
               "oxidation_state":0.0,
               "occu":1.0
            }
         ],
         "abc":[
            0.0,
            0.0,
            0.5
         ],
         "xyz":[
            0.0,
            0.0,
            3.34235
         ],
         "label":"Mg0+",
         "properties":{
            "coordination":{
               "Ag":4,
               "Sb":6
            }
         }
      },
      {
         "species":[
            {
               "element":"Ag",
               "oxidation_state":0.0,
               "occu":1.0
            }
         ],
         "abc":[
            0.75,
            0.75,
            0.25
         ],
         "xyz":[
            5.0135250000000005,
            5.0135250000000005,
            1.6711750000000007
         ],
         "label":"Ag0+",
         "properties":{
            "coordination":{
               "Mg":4,
               "Sb":4
            }
         }
      },
      {
         "species":[
            {
               "element":"Ag",
               "oxidation_state":0.0,
               "occu":1.0
            }
         ],
         "abc":[
            0.75,
            0.25,
            0.75
         ],
         "xyz":[
            5.0135250000000005,
            1.671175,
            5.0135250000000005
         ],
         "label":"Ag0+",
         "properties":{
            "coordination":{
               "Mg":4,
               "Sb":4
            }
         }
      },
      {
         "species":[
            {
               "element":"Ag",
               "oxidation_state":0.0,
               "occu":1.0
            }
         ],
         "abc":[
            0.25,
            0.75,
            0.75
         ],
         "xyz":[
            1.6711749999999999,
            5.0135250000000005,
            5.0135250000000005
         ],
         "label":"Ag0+",
         "properties":{
            "coordination":{
               "Mg":4,
               "Sb":4
            }
         }
      },
      {
         "species":[
            {
               "element":"Ag",
               "oxidation_state":0.0,
               "occu":1.0
            }
         ],
         "abc":[
            0.25,
            0.25,
            0.25
         ],
         "xyz":[
            1.671175,
            1.671175,
            1.6711750000000003
         ],
         "label":"Ag0+",
         "properties":{
            "coordination":{
               "Mg":4,
               "Sb":4
            }
         }
      },
      {
         "species":[
            {
               "element":"Sb",
               "oxidation_state":0.0,
               "occu":1.0
            }
         ],
         "abc":[
            0.0,
            0.0,
            0.0
         ],
         "xyz":[
            0.0,
            0.0,
            0.0
         ],
         "label":"Sb0+",
         "properties":{
            "coordination":{
               "Ag":4,
               "Mg":6
            }
         }
      },
      {
         "species":[
            {
               "element":"Sb",
               "oxidation_state":0.0,
               "occu":1.0
            }
         ],
         "abc":[
            0.0,
            0.5,
            0.5
         ],
         "xyz":[
            -2.046599114565078e-16,
            3.34235,
            3.34235
         ],
         "label":"Sb0+",
         "properties":{
            "coordination":{
               "Ag":4,
               "Mg":6
            }
         }
      },
      {
         "species":[
            {
               "element":"Sb",
               "oxidation_state":0.0,
               "occu":1.0
            }
         ],
         "abc":[
            0.5,
            0.0,
            0.5
         ],
         "xyz":[
            3.34235,
            0.0,
            3.34235
         ],
         "label":"Sb0+",
         "properties":{
            "coordination":{
               "Ag":4,
               "Mg":6
            }
         }
      },
      {
         "species":[
            {
               "element":"Sb",
               "oxidation_state":0.0,
               "occu":1.0
            }
         ],
         "abc":[
            0.5,
            0.5,
            0.0
         ],
         "xyz":[
            3.34235,
            3.34235,
            4.093198229130156e-16
         ],
         "label":"Sb0+",
         "properties":{
            "coordination":{
               "Ag":4,
               "Mg":6
            }
         }
      }
   ],
   "about":{
      "authors":[
         {
            "name":"Hillary Pan",
            "email":"hp393@cornell.edu"
         }
      ],
      "projects":[

      ],
      "references":"@article{AgMgSb_259186,\n    Author = {Mi, J.L. and Ying, P.J. and Sist, M. and Reardon, H. and Zhang, P. and Zhu, T.J. and Zhao, X.B. and Brummerstedt Iversen, B.},\n    Title = {Elaborating the crystal structures of MgAgSb thermoelectric compound: polymorphs and atomic disorders},\n    Journal = {Chem. Mater.},\n    Volume = {29},\n    Number = {15},\n    Pages = {6378--6388},\n    Year = {2017},\n    doi = {10.1021/acs.chemmater.7b01768},\n    url = {https://doi.org/10.1021/acs.chemmater.7b01768}}",
      "remarks":[
         "Structure is part of the MaterialsCoord test set"
      ],
      "history":[

      ],
      "created_at":{
         "@module":"datetime",
         "@class":"datetime",
         "string":"2020-08-21 23:27:31.728086"
      }
   },
   "@version":"2020.7.18"
}