{
   "@module":"pymatgen.util.provenance",
   "@class":"StructureNL",
   "charge":null,
   "lattice":{
      "matrix":[
         [
            3.009,
            0.0,
            1.8424811093171928e-16
         ],
         [
            -1.5044999999999993,
            2.605870439987376,
            1.8424811093171928e-16
         ],
         [
            0.0,
            0.0,
            3.262
         ]
      ],
      "a":3.009,
      "b":3.009,
      "c":3.262,
      "alpha":90.0,
      "beta":90.0,
      "gamma":119.99999999999999,
      "volume":25.57755127009361
   },
   "sites":[
      {
         "species":[
            {
               "element":"Al",
               "oxidation_state":0.0,
               "occu":1.0
            }
         ],
         "abc":[
            0.0,
            0.0,
            0.0
         ],
         "xyz":[
            0.0,
            0.0,
            0.0
         ],
         "label":"Al0+",
         "properties":{
            "coordination":{
               "B":12
            }
         }
      },
      {
         "species":[
            {
               "element":"B",
               "oxidation_state":0.0,
               "occu":1.0
            }
         ],
         "abc":[
            0.6666666666666667,
            0.3333333333333333,
            0.5
         ],
         "xyz":[
            1.5045000000000006,
            0.868623479995792,
            1.6310000000000002
         ],
         "label":"B0+",
         "properties":{
            "coordination":{
               "B":3,
               "Al":6
            }
         }
      },
      {
         "species":[
            {
               "element":"B",
               "oxidation_state":0.0,
               "occu":1.0
            }
         ],
         "abc":[
            0.3333333333333333,
            0.6666666666666667,
            0.5
         ],
         "xyz":[
            2.220446049250313e-16,
            1.7372469599915843,
            1.6310000000000002
         ],
         "label":"B0+",
         "properties":{
            "coordination":{
               "B":3,
               "Al":6
            }
         }
      }
   ],
   "about":{
      "authors":[
         {
            "name":"Hillary Pan",
            "email":"hp393@cornell.edu"
         }
      ],
      "projects":[

      ],
      "references":"@article{AlB2_606058,\n    Author = {Mulokozi, A. M.},\n    Title = {Electron transfer and bonding in the intermetallic compounds of rare earths with the AlB2-type or a closely related structure. III. The thermochemistry and stability of diborides of p-, d- and f-block elements},\n    Journal = {J. Less Common Met.},\n    Volume = {71},\n    Number = {1},\n    Pages = {105--111},\n    Year = {1980},\n    doi = {10.1016/0022-5088(80)90105-8},\n    url = {https://doi.org/10.1016/0022-5088(80)90105-8}}",
      "remarks":[
         "Structure is part of the MaterialsCoord test set"
      ],
      "history":[

      ],
      "created_at":{
         "@module":"datetime",
         "@class":"datetime",
         "string":"2020-08-08 01:12:44.074050"
      }
   },
   "@version":"2020.7.18"
}