{
   "@module":"pymatgen.util.provenance",
   "@class":"StructureNL",
   "charge":null,
   "lattice":{
      "matrix":[
         [
            5.074,
            0.0,
            3.106928929436835e-16
         ],
         [
            -2.5369999999999986,
            4.394212898802243,
            3.106928929436835e-16
         ],
         [
            0.0,
            0.0,
            4.074
         ]
      ],
      "a":5.074,
      "b":5.074000000000001,
      "c":4.074,
      "alpha":90.0,
      "beta":90.0,
      "gamma":119.99999999999999,
      "volume":90.83486647648098
   },
   "sites":[
      {
         "species":[
            {
               "element":"Ca",
               "oxidation_state":0.0,
               "occu":1.0
            }
         ],
         "abc":[
            0.0,
            0.0,
            0.0
         ],
         "xyz":[
            0.0,
            0.0,
            0.0
         ],
         "label":"Ca0+",
         "properties":{
            "coordination":{
               "Cu":18
            }
         }
      },
      {
         "species":[
            {
               "element":"Cu",
               "oxidation_state":0.0,
               "occu":1.0
            }
         ],
         "abc":[
            0.6666666666666667,
            0.3333333333333333,
            0.0
         ],
         "xyz":[
            2.537000000000001,
            1.4647376329340809,
            3.1069289294368357e-16
         ],
         "label":"Cu0+",
         "properties":{
            "coordination":{
               "Cu":9,
               "Ca":3
            }
         }
      },
      {
         "species":[
            {
               "element":"Cu",
               "oxidation_state":0.0,
               "occu":1.0
            }
         ],
         "abc":[
            0.3333333333333333,
            0.6666666666666667,
            0.0
         ],
         "xyz":[
            4.440892098500626e-16,
            2.929475265868162,
            3.1069289294368357e-16
         ],
         "label":"Cu0+",
         "properties":{
            "coordination":{
               "Cu":9,
               "Ca":3
            }
         }
      },
      {
         "species":[
            {
               "element":"Cu",
               "oxidation_state":0.0,
               "occu":1.0
            }
         ],
         "abc":[
            0.5,
            0.5,
            0.5
         ],
         "xyz":[
            1.2685000000000006,
            2.1971064494011214,
            2.0370000000000004
         ],
         "label":"Cu0+",
         "properties":{
            "coordination":{
               "Cu":8,
               "Ca":4
            }
         }
      },
      {
         "species":[
            {
               "element":"Cu",
               "oxidation_state":0.0,
               "occu":1.0
            }
         ],
         "abc":[
            0.5,
            0.0,
            0.5
         ],
         "xyz":[
            2.537,
            0.0,
            2.037
         ],
         "label":"Cu0+",
         "properties":{
            "coordination":{
               "Cu":8,
               "Ca":4
            }
         }
      },
      {
         "species":[
            {
               "element":"Cu",
               "oxidation_state":0.0,
               "occu":1.0
            }
         ],
         "abc":[
            0.0,
            0.5,
            0.5
         ],
         "xyz":[
            -1.2684999999999993,
            2.1971064494011214,
            2.037
         ],
         "label":"Cu0+",
         "properties":{
            "coordination":{
               "Cu":8,
               "Ca":4
            }
         }
      }
   ],
   "about":{
      "authors":[
         {
            "name":"Hillary Pan",
            "email":"hp393@cornell.edu"
         }
      ],
      "projects":[

      ],
      "references":"@article{CaCu5,\n    Author = {Bruzzone, G.},\n    Title = {The binary systems calcium-copper, strontium-copper and barium-copper},\n    Journal = {J. Less Common Met.},\n    Volume = {25},\n    Number = {4},\n    Pages = {361--366},\n    Year = {1971},\n    doi = {10.1016/0022-5088(71)90178-0},\n    url = {https://doi.org/10.1016/0022-5088(71)90178-0}}",
      "remarks":[
         "Structure is part of the MaterialsCoord test set"
      ],
      "history":[

      ],
      "created_at":{
         "@module":"datetime",
         "@class":"datetime",
         "string":"2020-08-21 23:35:41.069427"
      }
   },
   "@version":"2020.7.18"
}
