{
   "@module":"pymatgen.util.provenance",
   "@class":"StructureNL",
   "charge":null,
   "lattice":{
      "matrix":[
         [
            4.891,
            0.0,
            2.9948737473148525e-16
         ],
         [
            -2.445499999999999,
            4.2357302499096905,
            2.9948737473148525e-16
         ],
         [
            0.0,
            0.0,
            7.736
         ]
      ],
      "a":4.891,
      "b":4.891000000000001,
      "c":7.736,
      "alpha":90.0,
      "beta":90.0,
      "gamma":119.99999999999999,
      "volume":160.266376662257
   },
   "sites":[
      {
         "species":[
            {
               "element":"Ca",
               "oxidation_state":0.0,
               "occu":1.0
            }
         ],
         "abc":[
            0.0,
            0.0,
            0.25
         ],
         "xyz":[
            0.0,
            0.0,
            1.934
         ],
         "label":"Ca0+",
         "properties":{
            "coordination":{
               "Ca":2,
               "In":12
            }
         }
      },
      {
         "species":[
            {
               "element":"Ca",
               "oxidation_state":0.0,
               "occu":1.0
            }
         ],
         "abc":[
            0.0,
            0.0,
            0.75
         ],
         "xyz":[
            0.0,
            0.0,
            5.802
         ],
         "label":"Ca0+",
         "properties":{
            "coordination":{
               "Ca":2,
               "In":12
            }
         }
      },
      {
         "species":[
            {
               "element":"In",
               "oxidation_state":0.0,
               "occu":1.0
            }
         ],
         "abc":[
            0.3333333333333333,
            0.6666666666666667,
            0.04799999999999999
         ],
         "xyz":[
            2.220446049250313e-16,
            2.8238201666064606,
            0.37132800000000016
         ],
         "label":"In0+",
         "properties":{
            "coordination":{
               "Ca":6,
               "In":4
            }
         }
      },
      {
         "species":[
            {
               "element":"In",
               "oxidation_state":0.0,
               "occu":1.0
            }
         ],
         "abc":[
            0.6666666666666667,
            0.3333333333333333,
            0.952
         ],
         "xyz":[
            2.4455000000000005,
            1.41191008330323,
            7.364672
         ],
         "label":"In0+",
         "properties":{
            "coordination":{
               "Ca":6,
               "In":4
            }
         }
      },
      {
         "species":[
            {
               "element":"In",
               "oxidation_state":0.0,
               "occu":1.0
            }
         ],
         "abc":[
            0.6666666666666667,
            0.3333333333333333,
            0.548
         ],
         "xyz":[
            2.4455000000000005,
            1.41191008330323,
            4.239328
         ],
         "label":"In0+",
         "properties":{
            "coordination":{
               "Ca":6,
               "In":4
            }
         }
      },
      {
         "species":[
            {
               "element":"In",
               "oxidation_state":0.0,
               "occu":1.0
            }
         ],
         "abc":[
            0.3333333333333333,
            0.6666666666666667,
            0.452
         ],
         "xyz":[
            2.220446049250313e-16,
            2.8238201666064606,
            3.4966720000000002
         ],
         "label":"In0+",
         "properties":{
            "coordination":{
               "Ca":6,
               "In":4
            }
         }
      }
   ],
   "about":{
      "authors":[
         {
            "name":"Hillary Pan",
            "email":"hp393@cornell.edu"
         }
      ],
      "projects":[

      ],
      "references":"@article{CaIn2_58686,\n    Author = {Nuspl, G. and Polborn, K. and Evers, J. and Landrum, G.A. and Hoffmann, R.},\n    Title = {The four-connected net in the CeCu$_2$ structure and its ternary derivatives. Its electronic and structural properties},\n    Journal = {Inorg. Chem},\n    Volume = {35},\n    Number = {24},\n    Pages = {6922--6932},\n    Year = {1996},\n    doi = {10.1021/ic9602557},\n    url = {https://doi.org/10.1021/ic9602557}}",
      "remarks":[
         "Structure is part of the MaterialsCoord test set"
      ],
      "history":[

      ],
      "created_at":{
         "@module":"datetime",
         "@class":"datetime",
         "string":"2020-08-21 23:41:08.672989"
      }
   },
   "@version":"2020.7.18"
}
