{
   "@module":"pymatgen.util.provenance",
   "@class":"StructureNL",
   "charge":null,
   "lattice":{
      "matrix":[
         [
            8.1,
            0.0,
            4.959819536546781e-16
         ],
         [
            -3.159588741800171e-16,
            5.16,
            3.159588741800171e-16
         ],
         [
            0.0,
            0.0,
            8.77
         ]
      ],
      "a":8.1,
      "b":5.16,
      "c":8.77,
      "alpha":90.0,
      "beta":90.0,
      "gamma":90.0,
      "volume":366.55091999999996
   },
   "sites":[
      {
         "species":[
            {
               "element":"K",
               "oxidation_state":0.0,
               "occu":1.0
            }
         ],
         "abc":[
            0.0,
            0.75,
            0.29700000000000004
         ],
         "xyz":[
            -2.3696915563501285e-16,
            3.87,
            2.6046900000000006
         ],
         "label":"K0+",
         "properties":{
            "coordination":{
               "Hg":12
            }
         }
      },
      {
         "species":[
            {
               "element":"K",
               "oxidation_state":0.0,
               "occu":1.0
            }
         ],
         "abc":[
            0.0,
            0.25,
            0.703
         ],
         "xyz":[
            -7.898971854500428e-17,
            1.29,
            6.165309999999999
         ],
         "label":"K0+",
         "properties":{
            "coordination":{
               "Hg":12
            }
         }
      },
      {
         "species":[
            {
               "element":"K",
               "oxidation_state":0.0,
               "occu":1.0
            }
         ],
         "abc":[
            0.5,
            0.25,
            0.797
         ],
         "xyz":[
            4.05,
            1.29,
            6.98969
         ],
         "label":"K0+",
         "properties":{
            "coordination":{
               "Hg":12
            }
         }
      },
      {
         "species":[
            {
               "element":"K",
               "oxidation_state":0.0,
               "occu":1.0
            }
         ],
         "abc":[
            0.5,
            0.75,
            0.20299999999999985
         ],
         "xyz":[
            4.05,
            3.87,
            1.780309999999999
         ],
         "label":"K0+",
         "properties":{
            "coordination":{
               "Hg":12
            }
         }
      },
      {
         "species":[
            {
               "element":"Hg",
               "oxidation_state":0.0,
               "occu":1.0
            }
         ],
         "abc":[
            0.81,
            0.75,
            0.913
         ],
         "xyz":[
            6.561,
            3.87,
            8.00701
         ],
         "label":"Hg0+",
         "properties":{
            "coordination":{
               "Hg":4,
               "K":6
            }
         }
      },
      {
         "species":[
            {
               "element":"Hg",
               "oxidation_state":0.0,
               "occu":1.0
            }
         ],
         "abc":[
            0.81,
            0.25,
            0.087
         ],
         "xyz":[
            6.561,
            1.29,
            0.7629900000000004
         ],
         "label":"Hg0+",
         "properties":{
            "coordination":{
               "Hg":4,
               "K":6
            }
         }
      },
      {
         "species":[
            {
               "element":"Hg",
               "oxidation_state":0.0,
               "occu":1.0
            }
         ],
         "abc":[
            0.19,
            0.25,
            0.087
         ],
         "xyz":[
            1.539,
            1.29,
            0.7629900000000002
         ],
         "label":"Hg0+",
         "properties":{
            "coordination":{
               "Hg":4,
               "K":6
            }
         }
      },
      {
         "species":[
            {
               "element":"Hg",
               "oxidation_state":0.0,
               "occu":1.0
            }
         ],
         "abc":[
            0.19,
            0.75,
            0.913
         ],
         "xyz":[
            1.5389999999999997,
            3.87,
            8.00701
         ],
         "label":"Hg0+",
         "properties":{
            "coordination":{
               "Hg":4,
               "K":6
            }
         }
      },
      {
         "species":[
            {
               "element":"Hg",
               "oxidation_state":0.0,
               "occu":1.0
            }
         ],
         "abc":[
            0.31,
            0.25,
            0.41300000000000003
         ],
         "xyz":[
            2.5109999999999997,
            1.29,
            3.6220100000000004
         ],
         "label":"Hg0+",
         "properties":{
            "coordination":{
               "Hg":4,
               "K":6
            }
         }
      },
      {
         "species":[
            {
               "element":"Hg",
               "oxidation_state":0.0,
               "occu":1.0
            }
         ],
         "abc":[
            0.31,
            0.75,
            0.587
         ],
         "xyz":[
            2.5109999999999992,
            3.87,
            5.147989999999999
         ],
         "label":"Hg0+",
         "properties":{
            "coordination":{
               "Hg":4,
               "K":6
            }
         }
      },
      {
         "species":[
            {
               "element":"Hg",
               "oxidation_state":0.0,
               "occu":1.0
            }
         ],
         "abc":[
            0.69,
            0.75,
            0.587
         ],
         "xyz":[
            5.5889999999999995,
            3.87,
            5.14799
         ],
         "label":"Hg0+",
         "properties":{
            "coordination":{
               "Hg":4,
               "K":6
            }
         }
      },
      {
         "species":[
            {
               "element":"Hg",
               "oxidation_state":0.0,
               "occu":1.0
            }
         ],
         "abc":[
            0.69,
            0.25,
            0.41300000000000003
         ],
         "xyz":[
            5.5889999999999995,
            1.29,
            3.6220100000000004
         ],
         "label":"Hg0+",
         "properties":{
            "coordination":{
               "Hg":4,
               "K":6
            }
         }
      }
   ],
   "about":{
      "authors":[
         {
            "name":"Hillary Pan",
            "email":"hp393@cornell.edu"
         }
      ],
      "projects":[

      ],
      "references":"@article{KHg2_104303,\n    Author = {Duwell, E.J. and Baenziger, N.C.},\n    Title = {The crystal structures of KHg and KHg$_2$},\n    Journal = {Acta Cryst.},\n    Volume = {8},\n    Number = {11},\n    Pages = {705--710},\n    Year = {1955},\n    doi = {10.1107/S0365110X55002168},\n    url = {https://doi.org/10.1107/S0365110X55002168}}",
      "remarks":[
         "Structure is part of the MaterialsCoord test set"
      ],
      "history":[

      ],
      "created_at":{
         "@module":"datetime",
         "@class":"datetime",
         "string":"2020-08-07 22:58:20.092464"
      }
   },
   "@version":"2020.7.18"
}