{
   "@module":"pymatgen.util.provenance",
   "@class":"StructureNL",
   "charge":null,
   "lattice":{
      "matrix":[
         [
            6.8971,
            0.0,
            4.223255719199605e-16
         ],
         [
            -3.4485499999999987,
            5.973063812441653,
            4.223255719199605e-16
         ],
         [
            0.0,
            0.0,
            4.8075
         ]
      ],
      "a":6.8971,
      "b":6.897100000000001,
      "c":4.8075,
      "alpha":90.0,
      "beta":90.0,
      "gamma":119.99999999999999,
      "volume":198.0537045579543
   },
   "sites":[
      {
         "species":[
            {
               "element":"Mn",
               "oxidation_state":0.0,
               "occu":1.0
            }
         ],
         "abc":[
            0.6666666666666667,
            0.3333333333333333,
            0.5
         ],
         "xyz":[
            3.448550000000001,
            1.9910212708138844,
            2.4037500000000005
         ],
         "label":"Mn0+",
         "properties":{
            "coordination":{
               "Mn":8,
               "Si":6
            }
         }
      },
      {
         "species":[
            {
               "element":"Mn",
               "oxidation_state":0.0,
               "occu":1.0
            }
         ],
         "abc":[
            0.3333333333333333,
            0.6666666666666667,
            0.5
         ],
         "xyz":[
            4.440892098500626e-16,
            3.982042541627769,
            2.4037500000000005
         ],
         "label":"Mn0+",
         "properties":{
            "coordination":{
               "Mn":8,
               "Si":6
            }
         }
      },
      {
         "species":[
            {
               "element":"Mn",
               "oxidation_state":0.0,
               "occu":1.0
            }
         ],
         "abc":[
            0.3333333333333333,
            0.6666666666666667,
            0.0
         ],
         "xyz":[
            4.440892098500626e-16,
            3.982042541627769,
            4.2232557191996055e-16
         ],
         "label":"Mn0+",
         "properties":{
            "coordination":{
               "Mn":8,
               "Si":6
            }
         }
      },
      {
         "species":[
            {
               "element":"Mn",
               "oxidation_state":0.0,
               "occu":1.0
            }
         ],
         "abc":[
            0.6666666666666667,
            0.3333333333333333,
            0.0
         ],
         "xyz":[
            3.448550000000001,
            1.9910212708138844,
            4.2232557191996055e-16
         ],
         "label":"Mn0+",
         "properties":{
            "coordination":{
               "Mn":8,
               "Si":6
            }
         }
      },
      {
         "species":[
            {
               "element":"Mn",
               "oxidation_state":0.0,
               "occu":1.0
            }
         ],
         "abc":[
            0.76541,
            0.76541,
            0.25
         ],
         "xyz":[
            2.639554655500001,
            4.571842772680966,
            1.2018750000000007
         ],
         "label":"Mn0+",
         "properties":{
            "coordination":{
               "Mn":10,
               "Si":5
            }
         }
      },
      {
         "species":[
            {
               "element":"Mn",
               "oxidation_state":0.0,
               "occu":1.0
            }
         ],
         "abc":[
            0.23459,
            0.0,
            0.25
         ],
         "xyz":[
            1.617990689,
            0.0,
            1.201875
         ],
         "label":"Mn0+",
         "properties":{
            "coordination":{
               "Mn":10,
               "Si":5
            }
         }
      },
      {
         "species":[
            {
               "element":"Mn",
               "oxidation_state":0.0,
               "occu":1.0
            }
         ],
         "abc":[
            0.0,
            0.23459,
            0.25
         ],
         "xyz":[
            -0.8089953444999997,
            1.4012210397606875,
            1.201875
         ],
         "label":"Mn0+",
         "properties":{
            "coordination":{
               "Mn":10,
               "Si":5
            }
         }
      },
      {
         "species":[
            {
               "element":"Mn",
               "oxidation_state":0.0,
               "occu":1.0
            }
         ],
         "abc":[
            0.23459,
            0.23459,
            0.75
         ],
         "xyz":[
            0.8089953445000003,
            1.4012210397606875,
            3.605625
         ],
         "label":"Mn0+",
         "properties":{
            "coordination":{
               "Mn":10,
               "Si":5
            }
         }
      },
      {
         "species":[
            {
               "element":"Mn",
               "oxidation_state":0.0,
               "occu":1.0
            }
         ],
         "abc":[
            0.76541,
            0.0,
            0.75
         ],
         "xyz":[
            5.279109311,
            0.0,
            3.6056250000000003
         ],
         "label":"Mn0+",
         "properties":{
            "coordination":{
               "Mn":10,
               "Si":5
            }
         }
      },
      {
         "species":[
            {
               "element":"Mn",
               "oxidation_state":0.0,
               "occu":1.0
            }
         ],
         "abc":[
            0.0,
            0.76541,
            0.75
         ],
         "xyz":[
            -2.639554655499999,
            4.571842772680966,
            3.6056250000000003
         ],
         "label":"Mn0+",
         "properties":{
            "coordination":{
               "Mn":10,
               "Si":5
            }
         }
      },
      {
         "species":[
            {
               "element":"Si",
               "oxidation_state":0.0,
               "occu":1.0
            }
         ],
         "abc":[
            0.40220999999999996,
            0.40220999999999996,
            0.25
         ],
         "xyz":[
            1.3870412955000002,
            2.4024259960021572,
            1.2018750000000005
         ],
         "label":"Si0+",
         "properties":{
            "coordination":{
               "Mn":9,
               "Si":2
            }
         }
      },
      {
         "species":[
            {
               "element":"Si",
               "oxidation_state":0.0,
               "occu":1.0
            }
         ],
         "abc":[
            0.59779,
            0.0,
            0.25
         ],
         "xyz":[
            4.123017409,
            0.0,
            1.2018750000000002
         ],
         "label":"Si0+",
         "properties":{
            "coordination":{
               "Mn":9,
               "Si":2
            }
         }
      },
      {
         "species":[
            {
               "element":"Si",
               "oxidation_state":0.0,
               "occu":1.0
            }
         ],
         "abc":[
            0.0,
            0.59779,
            0.25
         ],
         "xyz":[
            -2.0615087044999996,
            3.570637816439496,
            1.2018750000000002
         ],
         "label":"Si0+",
         "properties":{
            "coordination":{
               "Mn":9,
               "Si":2
            }
         }
      },
      {
         "species":[
            {
               "element":"Si",
               "oxidation_state":0.0,
               "occu":1.0
            }
         ],
         "abc":[
            0.59779,
            0.59779,
            0.75
         ],
         "xyz":[
            2.0615087045000005,
            3.570637816439496,
            3.6056250000000003
         ],
         "label":"Si0+",