{
   "@module":"pymatgen.util.provenance",
   "@class":"StructureNL",
   "charge":null,
   "lattice":{
      "matrix":[
         [
            6.115,
            0.0,
            3.7443575883930325e-16
         ],
         [
            -3.7443575883930325e-16,
            6.115,
            3.7443575883930325e-16
         ],
         [
            0.0,
            0.0,
            3.433
         ]
      ],
      "a":6.115,
      "b":6.115,
      "c":3.433,
      "alpha":90.0,
      "beta":90.0,
      "gamma":90.0,
      "volume":128.37094142499998
   },
   "sites":[
      {
         "species":[
            {
               "element":"Fe",
               "oxidation_state":0.0,
               "occu":1.0
            }
         ],
         "abc":[
            0.5,
            0.5,
            0.0
         ],
         "xyz":[
            3.0575,
            3.0575,
            3.7443575883930325e-16
         ],
         "label":"Fe0+",
         "properties":{
            "coordination":{
               "B":4,
               "Mo":8
            }
         }
      },
      {
         "species":[
            {
               "element":"Fe",
               "oxidation_state":0.0,
               "occu":1.0
            }
         ],
         "abc":[
            0.0,
            0.0,
            0.0
         ],
         "xyz":[
            0.0,
            0.0,
            0.0
         ],
         "label":"Fe0+",
         "properties":{
            "coordination":{
               "B":4,
               "Mo":8
            }
         }
      },
      {
         "species":[
            {
               "element":"B",
               "oxidation_state":0.0,
               "occu":1.0
            }
         ],
         "abc":[
            0.61,
            0.10999999999999988,
            0.0
         ],
         "xyz":[
            3.73015,
            0.6726499999999993,
            2.695937463642983e-16
         ],
         "label":"B0+",
         "properties":{
            "coordination":{
               "B":1,
               "Fe":2,
               "Mo":6
            }
         }
      },
      {
         "species":[
            {
               "element":"B",
               "oxidation_state":0.0,
               "occu":1.0
            }
         ],
         "abc":[
            0.39,
            0.89,
            0.0
         ],
         "xyz":[
            2.3848499999999997,
            5.44235,
            4.792777713143082e-16
         ],
         "label":"B0+",
         "properties":{
            "coordination":{
               "B":1,
               "Fe":2,
               "Mo":6
            }
         }
      },
      {
         "species":[
            {
               "element":"B",
               "oxidation_state":0.0,
               "occu":1.0
            }
         ],
         "abc":[
            0.89,
            0.61,
            0.0
         ],
         "xyz":[
            5.44235,
            3.73015,
            5.616536382589549e-16
         ],
         "label":"B0+",
         "properties":{
            "coordination":{
               "B":1,
               "Fe":2,
               "Mo":6
            }
         }
      },
      {
         "species":[
            {
               "element":"B",
               "oxidation_state":0.0,
               "occu":1.0
            }
         ],
         "abc":[
            0.11,
            0.39,
            0.0
         ],
         "xyz":[
            0.67265,
            2.38485,
            1.8721787941965165e-16
         ],
         "label":"B0+",
         "properties":{
            "coordination":{
               "B":1,
               "Fe":2,
               "Mo":6
            }
         }
      },
      {
         "species":[
            {
               "element":"Mo",
               "oxidation_state":0.0,
               "occu":1.0
            }
         ],
         "abc":[
            0.18000000000000016,
            0.6799999999999999,
            0.5
         ],
         "xyz":[
            1.100700000000001,
            4.1582,
            1.7165000000000001
         ],
         "label":"Mo0+",
         "properties":{
            "coordination":{
               "B":6,
               "Fe":4
            }
         }
      },
      {
         "species":[
            {
               "element":"Mo",
               "oxidation_state":0.0,
               "occu":1.0
            }
         ],
         "abc":[
            0.82,
            0.32,
            0.5
         ],
         "xyz":[
            5.0142999999999995,
            1.9568,
            1.7165000000000004
         ],
         "label":"Mo0+",
         "properties":{
            "coordination":{
               "B":6,
               "Fe":4
            }
         }
      },
      {
         "species":[
            {
               "element":"Mo",
               "oxidation_state":0.0,
               "occu":1.0
            }
         ],
         "abc":[
            0.31999999999999995,
            0.18,
            0.5
         ],
         "xyz":[
            1.9567999999999999,
            1.1007,
            1.7165000000000001
         ],
         "label":"Mo0+",
         "properties":{
            "coordination":{
               "B":6,
               "Fe":4
            }
         }
      },
      {
         "species":[
            {
               "element":"Mo",
               "oxidation_state":0.0,
               "occu":1.0
            }
         ],
         "abc":[
            0.68,
            0.8200000000000001,
            0.5
         ],
         "xyz":[
            4.158200000000001,
            5.0143,
            1.7165000000000006
         ],
         "label":"Mo0+",
         "properties":{
            "coordination":{
               "B":6,
               "Fe":4
            }
         }
      }
   ],
   "about":{
      "authors":[
         {
            "name":"Hillary Pan",
            "email":"hp393@cornell.edu"
         }
      ],
      "projects":[

      ],
      "references":"@article{Mo2FeB2_5431,\n    Author = {De Young, D.B. and Barnes, R.G.},\n    Title = {$^{57}$Fe Moessbauer study of some M$_2$(M')B$_2$ borides},\n    Journal = {J. Phys. Chem. Solids},\n    Volume = {34},\n    Pages = {139--140},\n    Year = {1973},\n    doi = {10.1016/0022-3697(73)90070-X},\n    url = {https://doi.org/10.1016/0022-3697(73)90070-X}}",
      "remarks":[
         "Structure is part of the MaterialsCoord test set"
      ],
      "history":[

      ],
      "created_at":{
         "@module":"datetime",
         "@class":"datetime",
         "string":"2020-08-22 00:35:27.912235"
      }
   },
   "@version":"2020.7.18"
}
