{
  "@module": "pymatgen.util.provenance",
  "@class": "StructureNL",
  "charge": null,
  "lattice": {
    "matrix": [
      [
        6.1484,
        0.0,
        3.764809189938793e-16
      ],
      [
        -4.2968569918283607e-16,
        7.0173,
        4.2968569918283607e-16
      ],
      [
        0.0,
        0.0,
        3.6698
      ]
    ],
    "a": 6.1484,
    "b": 7.0173,
    "c": 3.6698,
    "alpha": 90.0,
    "beta": 90.0,
    "gamma": 90.0,
    "volume": 158.33413503093598
  },
  "sites": [
    {
      "species": [
        {
          "element": "Ti",
          "oxidation_state": 0.0,
          "occu": 1.0
        }
      ],
      "abc": [
        0.5212,
        0.3197,
        0.25
      ],
      "xyz": [
        3.2045460799999996,
        2.24343081,
        0.9174500000000003
      ],
      "label": "Ti0+",
      "properties": {
        "coordination": {
          "Si": 5,
          "Ni": 6,
          "Ti": [
            0,
            4
          ]
        }
      }
    },
    {
      "species": [
        {
          "element": "Ti",
          "oxidation_state": 0.0,
          "occu": 1.0
        }
      ],
      "abc": [
        0.0212,
        0.1803,
        0.25
      ],
      "xyz": [
        0.13034607999999992,
        1.2652191899999998,
        0.9174500000000001
      ],
      "label": "Ti0+",
      "properties": {
        "coordination": {
          "Si": 5,
          "Ni": 6,
          "Ti": [
            0,
            4
          ]
        }
      }
    },
    {
      "species": [
        {
          "element": "Ti",
          "oxidation_state": 0.0,
          "occu": 1.0
        }
      ],
      "abc": [
        0.4788,
        0.6803,
        0.75
      ],
      "xyz": [
        2.9438539199999996,
        4.77386919,
        2.7523500000000003
      ],
      "label": "Ti0+",
      "properties": {
        "coordination": {
          "Si": 5,
          "Ni": 6,
          "Ti": [
            0,
            4
          ]
        }
      }
    },
    {
      "species": [
        {
          "element": "Ti",
          "oxidation_state": 0.0,
          "occu": 1.0
        }
      ],
      "abc": [
        0.9788,
        0.8197,
        0.75
      ],
      "xyz": [
        6.01805392,
        5.75208081,
        2.7523500000000007
      ],
      "label": "Ti0+",
      "properties": {
        "coordination": {
          "Si": 5,
          "Ni": 6,
          "Ti": [
            0,
            4
          ]
        }
      }
    },
    {
      "species": [
        {
          "element": "Si",
          "oxidation_state": 0.0,
          "occu": 1.0
        }
      ],
      "abc": [
        0.2650999999999999,
        0.8771,
        0.25
      ],
      "xyz": [
        1.6299408399999988,
        6.15487383,
        0.9174500000000004
      ],
      "label": "Si0+",
      "properties": {
        "coordination": {
          "Ni": 4,
          "Ti": 5
        }
      }
    },
    {
      "species": [
        {
          "element": "Si",
          "oxidation_state": 0.0,
          "occu": 1.0
        }
      ],
      "abc": [
        0.7651,
        0.6229,
        0.25
      ],
      "xyz": [
        4.70414084,
        4.37107617,
        0.9174500000000005
      ],
      "label": "Si0+",
      "properties": {
        "coordination": {
          "Ni": 4,
          "Ti": 5
        }
      }
    },
    {
      "species": [
        {
          "element": "Si",
          "oxidation_state": 0.0,
          "occu": 1.0
        }
      ],
      "abc": [
        0.7349,
        0.12290000000000001,
        0.75
      ],
      "xyz": [
        4.51845916,
        0.86242617,
        2.7523500000000003
      ],
      "label": "Si0+",
      "properties": {
        "coordination": {
          "Ni": 4,
          "Ti": 5
        }
      }
    },
    {
      "species": [
        {
          "element": "Si",
          "oxidation_state": 0.0,
          "occu": 1.0
        }
      ],
      "abc": [
        0.2349,
        0.3771,
        0.75
      ],
      "xyz": [
        1.4442591599999997,
        2.64622383,
        2.7523500000000003
      ],
      "label": "Si0+",
      "properties": {
        "coordination": {
          "Ni": 4,
          "Ti": 5
        }
      }
    },
    {
      "species": [
        {
          "element": "Ni",
          "oxidation_state": 0.0,
          "occu": 1.0
        }
      ],
      "abc": [
        0.642,
        0.9391,
        0.25
      ],
      "xyz": [
        3.9472727999999995,
        6.58994643,
        0.9174500000000007
      ],
      "label": "Ni0+",
      "properties": {
        "coordination": {
          "Si": 4,
          "Ni": 2,
          "Ti": 6
        }
      }
    },
    {
      "species": [
        {
          "element": "Ni",
          "oxidation_state": 0.0,
          "occu": 1.0
        }
      ],
      "abc": [
        0.142,
        0.5609,
        0.25
      ],
      "xyz": [
        0.8730727999999996,
        3.9360035699999996,
        0.9174500000000003
      ],
      "label": "Ni0+",
      "properties": {
        "coordination": {
          "Si": 4,
          "Ni": 2,
          "Ti": 6
        }
      }
    },
    {
      "species": [
        {
          "element": "Ni",
          "oxidation_state": 0.0,
          "occu": 1.0
        }
      ],
      "abc": [
        0.358,
        0.060899999999999954,
        0.75
      ],
      "xyz": [
        2.2011271999999997,
        0.4273535699999997,
        2.75235
      ],
      "label": "Ni0+",
      "properties": {
        "coordination": {
          "Si": 4,
          "Ni": 2,
          "Ti": 6
        }
      }
    },
    {
      "species": [
        {
          "element": "Ni",
          "oxidation_state": 0.0,
          "occu": 1.0
        }
      ],
      "abc": [
        0.858,
        0.43910000000000005,
        0.75
      ],
      "xyz": [
        5.2753271999999996,
        3.08129643,
        2.7523500000000003
      ],
      "label": "Ni0+",
      "properties": {
        "coordination": {
          "Si": 4,
          "Ni": 2,
          "Ti": 6
        }
      }
    }
  ],
  "about": {
    "authors": [
      {
        "name": "Hillary Pan",
        "email": "hp393@cornell.edu"
      }
    ],
    "projects": [],
    "references": "@article{TiNiSi,\n    Author = {Shoemaker, C.B. and Shoemaker, D. P.},\n    Title = {A ternary alloy with PbCl$_2$-type structure: TiNiSi(E)},\n    Journal = {Acta Cryst.},\n    Volume = {18},\n    Number = {5},\n    Pages = {900-905},\n    Year = {1965},\n    doi = {10.1107/S0365110X65002189},\n    url = {https://doi.org/10.1107/S0365110X65002189}}",
    "remarks": [
      "Structure is part of the MaterialsCoord test set"
    ],
    "history": [],
    "created_at": {
      "@module": "datetime",
      "@class": "datetime",
      "string": "2020-08-22 00:59:31.009670"
    }
  },
  "@version": "2020.8.13"
}