{
   "@module":"pymatgen.util.provenance",
   "@class":"StructureNL",
   "charge":null,
   "lattice":{
      "matrix":[
         [
            6.906,
            0.0,
            4.2287053974558103e-16
         ],
         [
            -3.4529999999999985,
            5.980771438535334,
            4.2287053974558103e-16
         ],
         [
            0.0,
            0.0,
            3.464
         ]
      ],
      "a":6.906,
      "b":6.906,
      "c":3.464,
      "alpha":90.0,
      "beta":90.0,
      "gamma":119.99999999999999,
      "volume":143.07431096887467
   },
   "sites":[
      {
         "species":[
            {
               "element":"Zr",
               "oxidation_state":0.0,
               "occu":1.0
            }
         ],
         "abc":[
            0.4075,
            0.4075,
            0.5
         ],
         "xyz":[
            1.4070975000000006,
            2.4371643612031484,
            1.7320000000000004
         ],
         "label":"Zr0+",
         "properties":{
            "coordination":{
               "Ni":5,
               "Al":6
            }
         }
      },
      {
         "species":[
            {
               "element":"Zr",
               "oxidation_state":0.0,
               "occu":1.0
            }
         ],
         "abc":[
            0.5925,
            0.0,
            0.5
         ],
         "xyz":[
            4.091805,
            0.0,
            1.7320000000000002
         ],
         "label":"Zr0+",
         "properties":{
            "coordination":{
               "Ni":5,
               "Al":6
            }
         }
      },
      {
         "species":[
            {
               "element":"Zr",
               "oxidation_state":0.0,
               "occu":1.0
            }
         ],
         "abc":[
            0.0,
            0.5925,
            0.5
         ],
         "xyz":[
            -2.045902499999999,
            3.5436070773321857,
            1.7320000000000002
         ],
         "label":"Zr0+",
         "properties":{
            "coordination":{
               "Ni":5,
               "Al":6
            }
         }
      },
      {
         "species":[
            {
               "element":"Al",
               "oxidation_state":0.0,
               "occu":1.0
            }
         ],
         "abc":[
            0.7495,
            0.7495,
            0.0
         ],
         "xyz":[
            2.5880235000000016,
            4.482588193182234,
            6.33882939078626e-16
         ],
         "label":"Al0+",
         "properties":{
            "coordination":{
               "Ni":4,
               "Zr":6,
               "Al":2
            }
         }
      },
      {
         "species":[
            {
               "element":"Al",
               "oxidation_state":0.0,
               "occu":1.0
            }
         ],
         "abc":[
            0.2505,
            0.0,
            0.0
         ],
         "xyz":[
            1.7299529999999999,
            0.0,
            1.0592907020626804e-16
         ],
         "label":"Al0+",
         "properties":{
            "coordination":{
               "Ni":4,
               "Zr":6,
               "Al":2
            }
         }
      },
      {
         "species":[
            {
               "element":"Al",
               "oxidation_state":0.0,
               "occu":1.0
            }
         ],
         "abc":[
            0.0,
            0.2505,
            0.0
         ],
         "xyz":[
            -0.8649764999999996,
            1.4981832453531012,
            1.0592907020626804e-16
         ],
         "label":"Al0+",
         "properties":{
            "coordination":{
               "Ni":4,
               "Zr":6,
               "Al":2
            }
         }
      },
      {
         "species":[
            {
               "element":"Ni",
               "oxidation_state":0.0,
               "occu":1.0
            }
         ],
         "abc":[
            0.0,
            0.0,
            0.5
         ],
         "xyz":[
            0.0,
            0.0,
            1.732
         ],
         "label":"Ni0+",
         "properties":{
            "coordination":{
               "Al":6,
               "Zr":3
            }
         }
      },
      {
         "species":[
            {
               "element":"Ni",
               "oxidation_state":0.0,
               "occu":1.0
            }
         ],
         "abc":[
            0.6666666666666667,
            0.3333333333333333,
            0.0
         ],
         "xyz":[
            3.4530000000000007,
            1.993590479511778,
            4.2287053974558103e-16
         ],
         "label":"Ni0+",
         "properties":{
            "coordination":{
               "Al":3,
               "Zr":6
            }
         }
      },
      {
         "species":[
            {
               "element":"Ni",
               "oxidation_state":0.0,
               "occu":1.0
            }
         ],
         "abc":[
            0.3333333333333333,
            0.6666666666666667,
            0.0
         ],
         "xyz":[
            4.440892098500626e-16,
            3.9871809590235565,
            4.2287053974558103e-16
         ],
         "label":"Ni0+",
         "properties":{
            "coordination":{
               "Al":3,
               "Zr":6
            }
         }
      }
   ],
   "about":{
      "authors":[
         {
            "name":"Hillary Pan",
            "email":"hp393@cornell.edu"
         }
      ],
      "projects":[

      ],
      "references":"@article{AuCu3, \n    Author = {Flinn, P.A. and McManus, G.M. and Rayne, J.A.}, \n    Title = {Elastic constants of ordered and disordered Cu 3 Au from 4.2 to 300K}, \n    Journal = {J. Phys. Chem. Solids}, \n    Volume = {15}, \n    Number = {3--4}, \n    Pages = {189--195}, \n    Year = {1960}, \n    doi = {10.1016/0022-3697(60)90242-0}, \n    url = {https://doi.org/10.1016/0022-3697(60)90242-0}}",
      "remarks":[
         "Structure is part of the MaterialsCoord test set"
      ],
      "history":[

      ],
      "created_at":{
         "@module":"datetime",
         "@class":"datetime",
         "string":"2020-08-22 01:06:26.610780"
      }
   },
   "@version":"2020.7.18"
}