{
    "@module": "pymatgen.util.provenance",
    "@class": "StructureNL",
    "charge": null,
    "lattice": {
        "matrix": [
            [
                4.824,
                0.0,
                2.953848079543416e-16
            ],
            [
                -2.411999999999999,
                4.177706547856133,
                2.953848079543416e-16
            ],
            [
                0.0,
                0.0,
                15.826
            ]
        ],
        "a": 4.824,
        "b": 4.824,
        "c": 15.826,
        "alpha": 90.0,
        "beta": 90.0,
        "gamma": 119.99999999999999,
        "volume": 318.94543557841445
    },
    "sites": [
        {
            "species": [
                {
                    "element": "Mg",
                    "oxidation_state": 0.0,
                    "occu": 1.0
                }
            ],
            "abc": [
                0.0,
                0.0,
                0.406
            ],
            "xyz": [
                0.0,
                0.0,
                6.425356000000001
            ],
            "label": "Mg0+",
            "properties": {
                "coordination": {
                    "Mg": 4.0,
                    "Ni": 12.0
                }
            }
        },
        {
            "species": [
                {
                    "element": "Mg",
                    "oxidation_state": 0.0,
                    "occu": 1.0
                }
            ],
            "abc": [
                0.0,
                0.0,
                0.594
            ],
            "xyz": [
                0.0,
                0.0,
                9.400644
            ],
            "label": "Mg0+",
            "properties": {
                "coordination": {
                    "Mg": 4.0,
                    "Ni": 12.0
                }
            }
        },
        {
            "species": [
                {
                    "element": "Mg",
                    "oxidation_state": 0.0,
                    "occu": 1.0
                }
            ],
            "abc": [
                0.0,
                0.0,
                0.906
            ],
            "xyz": [
                0.0,
                0.0,
                14.338356000000001
            ],
            "label": "Mg0+",
            "properties": {
                "coordination": {
                    "Mg": 4.0,
                    "Ni": 12.0
                }
            }
        },
        {
            "species": [
                {
                    "element": "Mg",
                    "oxidation_state": 0.0,
                    "occu": 1.0
                }
            ],
            "abc": [
                0.0,
                0.0,
                0.094
            ],
            "xyz": [
                0.0,
                0.0,
                1.487644
            ],
            "label": "Mg0+",
            "properties": {
                "coordination": {
                    "Mg": 4.0,
                    "Ni": 12.0
                }
            }
        },
        {
            "species": [
                {
                    "element": "Mg",
                    "oxidation_state": 0.0,
                    "occu": 1.0
                }
            ],
            "abc": [
                0.3333333333333333,
                0.6666666666666667,
                0.6558
            ],
            "xyz": [
                4.440892098500626e-16,
                2.785137698570755,
                10.378690800000001
            ],
            "label": "Mg0+",
            "properties": {
                "coordination": {
                    "Mg": 4.0,
                    "Ni": 12.0
                }
            }
        },
        {
            "species": [
                {
                    "element": "Mg",
                    "oxidation_state": 0.0,
                    "occu": 1.0
                }
            ],
            "abc": [
                0.6666666666666667,
                0.3333333333333333,
                0.34419999999999984
            ],
            "xyz": [
                2.412000000000001,
                1.3925688492853774,
                5.447309199999998
            ],
            "label": "Mg0+",
            "properties": {
                "coordination": {
                    "Mg": 4.0,
                    "Ni": 12.0
                }
            }
        },
        {
            "species": [
                {
                    "element": "Mg",
                    "oxidation_state": 0.0,
                    "occu": 1.0
                }
            ],
            "abc": [
                0.6666666666666667,
                0.3333333333333333,
                0.15580000000000005
            ],
            "xyz": [
                2.412000000000001,
                1.3925688492853774,
                2.4656908000000013
            ],
            "label": "Mg0+",
            "properties": {
                "coordination": {
                    "Mg": 4.0,
                    "Ni": 12.0
                }
            }
        },
        {
            "species": [
                {
                    "element": "Mg",
                    "oxidation_state": 0.0,
                    "occu": 1.0
                }
            ],
            "abc": [
                0.3333333333333333,
                0.6666666666666667,
                0.8442
            ],
            "xyz": [
                4.440892098500626e-16,
                2.785137698570755,
                13.3603092
            ],
            "label": "Mg0+",
            "properties": {
                "coordination": {
                    "Mg": 4.0,
                    "Ni": 12.0
                }
            }
        },
        {
            "species": [
                {
                    "element": "Ni",
                    "oxidation_state": 0.0,
                    "occu": 1.0
                }
            ],
            "abc": [
                0.3333333333333333,
                0.6666666666666667,
                0.37485999999999997
            ],
            "xyz": [
                4.440892098500626e-16,
                2.785137698570755,
                5.93253436
            ],
            "label": "Ni0+",
            "properties": {
                "coordination": {
                    "Mg": 6.0,
                    "Ni": 6.0
                }
            }
        },
        {
            "species": [
                {
                    "element": "Ni",
                    "oxidation_state": 0.0,
                    "occu": 1.0
                }
            ],
            "abc": [
                0.6666666666666667,
                0.3333333333333333,
                0.62514
            ],
            "xyz": [
                2.412000000000001,
                1.3925688492853774,
                9.89346564
            ],
            "label": "Ni0+",
            "properties": {
                "coordination": {
                    "Mg": 6.0,
                    "Ni": 6.0
                }
            }
        },
        {
            "species": [
                {
                    "element": "Ni",
                    "oxidation_state": 0.0,
                    "occu": 1.0
                }
            ],
            "abc": [
                0.6666666666666667,
                0.3333333333333333,
                0.87486
            ],
            "xyz": [
                2.412000000000001,
                1.3925688492853774,
                13.84553436
            ],
            "label": "Ni0+",
            "properties": {
                "coordination": {
                    "Mg": 6.0,
                    "Ni": 6.0
                }
            }
        },
        {
            "species": [
                {
                    "element": "Ni",
                    "oxidation_state": 0.0,
                    "occu": 1.0
                }
            ],