{
    "@module": "pymatgen.util.provenance",
    "@class": "StructureNL",
    "charge": null,
    "lattice": {
        "matrix": [
            [
                50.0,
                0.0,
                3.061616997868383e-15
            ],
            [
                -3.061616997868383e-15,
                50.0,
                3.061616997868383e-15
            ],
            [
                0.0,
                0.0,
                50.0
            ]
        ],
        "a": 50.0,
        "b": 50.0,
        "c": 50.0,
        "alpha": 90.0,
        "beta": 90.0,
        "gamma": 90.0,
        "volume": 125000.0
    },
    "sites": [
        {
            "species": [
                {
                    "element": "Al",
                    "occu": 1.0
                }
            ],
            "abc": [
                0.5,
                0.5,
                0.5
            ],
            "xyz": [
                25.0,
                25.0,
                25.000000000000004
            ],
            "label": "Al",
            "properties": {
                "coordination": {
                    "O": 6.0
                }
            }
        },
        {
            "species": [
                {
                    "element": "H",
                    "occu": 1.0
                }
            ],
            "abc": [
                0.481985,
                0.53833,
                0.529078
            ],
            "xyz": [
                24.09925,
                26.9165,
                26.453900000000004
            ],
            "label": "H",
            "properties": {
                "coordination": {
                    "Al": 1.0,
                    "H": 2.0
                }
            }
        },
        {
            "species": [
                {
                    "element": "H",
                    "occu": 1.0
                }
            ],
            "abc": [
                0.460373,
                0.515929,
                0.528281
            ],
            "xyz": [
                23.018649999999997,
                25.79645,
                26.414050000000003
            ],
            "label": "H",
            "properties": {
                "coordination": {
                    "Al": 1.0,
                    "H": 2.0
                }
            }
        },
        {
            "species": [
                {
                    "element": "H",
                    "occu": 1.0
                }
            ],
            "abc": [
                0.529229,
                0.470779,
                0.530453
            ],
            "xyz": [
                26.46145,
                23.53895,
                26.522650000000002
            ],
            "label": "H",
            "properties": {
                "coordination": {
                    "Al": 1.0,
                    "H": 2.0
                }
            }
        },
        {
            "species": [
                {
                    "element": "H",
                    "occu": 1.0
                }
            ],
            "abc": [
                0.510949,
                0.488125,
                0.548755
            ],
            "xyz": [
                25.547449999999998,
                24.40625,
                27.437750000000005
            ],
            "label": "H",
            "properties": {
                "coordination": {
                    "O": 1.0
                }
            }
        },
        {
            "species": [
                {
                    "element": "H",
                    "occu": 1.0
                }
            ],
            "abc": [
                0.527424,
                0.541895,
                0.48857
            ],
            "xyz": [
                26.3712,
                27.09475,
                24.428500000000003
            ],
            "label": "H",
            "properties": {
                "coordination": {
                    "O": 1.0
                }
            }
        },
        {
            "species": [
                {
                    "element": "H",
                    "occu": 1.0
                }
            ],
            "abc": [
                0.540675,
                0.528343,
                0.513269
            ],
            "xyz": [
                27.03375,
                26.41715,
                25.66345
            ],
            "label": "H",
            "properties": {
                "coordination": {
                    "O": 1.0
                }
            }
        },
        {
            "species": [
                {
                    "element": "H",
                    "occu": 1.0
                }
            ],
            "abc": [
                0.518015,
                0.46167,
                0.470922
            ],
            "xyz": [
                25.90075,
                23.0835,
                23.546100000000003
            ],
            "label": "H",
            "properties": {
                "coordination": {
                    "Al": 1.0,
                    "H": 2.0
                }
            }
        },
        {
            "species": [
                {
                    "element": "H",
                    "occu": 1.0
                }
            ],
            "abc": [
                0.539627,
                0.484071,
                0.471719
            ],
            "xyz": [
                26.98135,
                24.20355,
                23.585950000000004
            ],
            "label": "H",
            "properties": {
                "coordination": {
                    "Al": 1.0,
                    "H": 2.0
                }
            }
        },
        {
            "species": [
                {
                    "element": "H",
                    "occu": 1.0
                }
            ],
            "abc": [
                0.470771,
                0.529221,
                0.469547
            ],
            "xyz": [
                23.53855,
                26.461050000000004,
                23.477350000000005
            ],
            "label": "H",
            "properties": {
                "coordination": {
                    "Al": 1.0,
                    "H": 2.0
                }
            }
        },
        {
            "species": [
                {
                    "element": "H",
                    "occu": 1.0
                }
            ],
            "abc": [
                0.489051,
                0.511875,
                0.451245
            ],
            "xyz": [
                24.452550000000002,
                25.59375,
                22.562250000000002
            ],
            "label": "H",
            "properties": {
                "coordination": {
                    "O": 1.0
                }
            }
        },
        {
            "species": [
                {
                    "element": "H",
                    "occu": 1.0
                }
            ],
            "abc": [
                0.472576,
                0.458105,
                0.51143
            ],
            "xyz": [
                23.6288,
                22.90525,
                25.571500000000007
            ],
            "label": "H",
            "properties": {
                "coordination": {
                    "O": 1.0
                }
            }
        },
        {
            "species": [
                {
                    "element": "H",
                    "occu": 1.0
                }
            ],
            "abc": [
                0.459325,
                0.471657,
                0.486731
            ],
            "xyz": [
                22.96625,
                23.58285,
                24.336550000000006
            ],
            "label": "H",