{
    "@module": "pymatgen.util.provenance",
    "@class": "StructureNL",
    "charge": null,
    "lattice": {
        "matrix": [
            [
                50.0,
                0.0,
                3.061616997868383e-15
            ],
            [
                -3.061616997868383e-15,
                50.0,
                3.061616997868383e-15
            ],
            [
                0.0,
                0.0,
                50.0
            ]
        ],
        "a": 50.0,
        "b": 50.0,
        "c": 50.0,
        "alpha": 90.0,
        "beta": 90.0,
        "gamma": 90.0,
        "volume": 125000.0
    },
    "sites": [
        {
            "species": [
                {
                    "element": "Al",
                    "occu": 1.0
                }
            ],
            "abc": [
                0.471296,
                0.500001,
                0.499774
            ],
            "xyz": [
                23.564799999999998,
                25.00005,
                24.988700000000005
            ],
            "label": "Al",
            "properties": {
                "coordination": {
                    "O": 6.0
                }
            }
        },
        {
            "species": [
                {
                    "element": "Al",
                    "occu": 1.0
                }
            ],
            "abc": [
                0.528704,
                0.500003,
                0.500226
            ],
            "xyz": [
                26.4352,
                25.000149999999998,
                25.011300000000002
            ],
            "label": "Al",
            "properties": {
                "coordination": {
                    "O": 6.0
                }
            }
        },
        {
            "species": [
                {
                    "element": "H",
                    "occu": 1.0
                }
            ],
            "abc": [
                0.501332,
                0.500008,
                0.457873
            ],
            "xyz": [
                25.0666,
                25.0004,
                22.89365
            ],
            "label": "H",
            "properties": {
                "coordination": {
                    "O": 6.0
                }
            }
        },
        {
            "species": [
                {
                    "element": "H",
                    "occu": 1.0
                }
            ],
            "abc": [
                0.498668,
                0.499998,
                0.542127
            ],
            "xyz": [
                24.9334,
                24.9999,
                27.106350000000006
            ],
            "label": "H",
            "properties": {
                "coordination": {
                    "O": 6.0
                }
            }
        },
        {
            "species": [
                {
                    "element": "H",
                    "occu": 1.0
                }
            ],
            "abc": [
                0.56438,
                0.515545,
                0.466053
            ],
            "xyz": [
                28.219,
                25.777250000000002,
                23.302650000000003
            ],
            "label": "H",
            "properties": {
                "coordination": {
                    "Al": 2.0,
                    "H": 1.0
                }
            }
        },
        {
            "species": [
                {
                    "element": "H",
                    "occu": 1.0
                }
            ],
            "abc": [
                0.564371,
                0.484434,
                0.466058
            ],
            "xyz": [
                28.218549999999997,
                24.2217,
                23.3029
            ],
            "label": "H",
            "properties": {
                "coordination": {
                    "Al": 2.0,
                    "H": 1.0
                }
            }
        },
        {
            "species": [
                {
                    "element": "H",
                    "occu": 1.0
                }
            ],
            "abc": [
                0.551867,
                0.500013,
                0.546869
            ],
            "xyz": [
                27.59335,
                25.00065,
                27.343450000000008
            ],
            "label": "H",
            "properties": {
                "coordination": {
                    "O": 1.0
                }
            }
        },
        {
            "species": [
                {
                    "element": "H",
                    "occu": 1.0
                }
            ],
            "abc": [
                0.573675,
                0.499989,
                0.524783
            ],
            "xyz": [
                28.683750000000003,
                24.99945,
                26.239150000000002
            ],
            "label": "H",
            "properties": {
                "coordination": {
                    "Al": 2.0,
                    "H": 1.0
                }
            }
        },
        {
            "species": [
                {
                    "element": "H",
                    "occu": 1.0
                }
            ],
            "abc": [
                0.426325,
                0.5,
                0.475218
            ],
            "xyz": [
                21.31625,
                25.0,
                23.760900000000003
            ],
            "label": "H",
            "properties": {
                "coordination": {
                    "Al": 2.0,
                    "H": 1.0
                }
            }
        },
        {
            "species": [
                {
                    "element": "H",
                    "occu": 1.0
                }
            ],
            "abc": [
                0.448132,
                0.5,
                0.453131
            ],
            "xyz": [
                22.406599999999997,
                25.0,
                22.656550000000003
            ],
            "label": "H",
            "properties": {
                "coordination": {
                    "O": 1.0
                }
            }
        },
        {
            "species": [
                {
                    "element": "H",
                    "occu": 1.0
                }
            ],
            "abc": [
                0.435625,
                0.48444,
                0.533944
            ],
            "xyz": [
                21.78125,
                24.221999999999998,
                26.697200000000002
            ],
            "label": "H",
            "properties": {
                "coordination": {
                    "Al": 2.0,
                    "H": 1.0
                }
            }
        },
        {
            "species": [
                {
                    "element": "H",
                    "occu": 1.0
                }
            ],
            "abc": [
                0.435623,
                0.515552,
                0.533945
            ],
            "xyz": [
                21.78115,
                25.7776,
                26.697250000000004
            ],
            "label": "H",
            "properties": {
                "coordination": {
                    "Al": 2.0,
                    "H": 1.0
                }
            }
        },
        {
            "species": [
                {
                    "element": "H",
                    "occu": 1.0
                }
            ],
            "abc": [
                0.524238,
                0.450274,
                0.485494
            ],
            "xyz": [
                26.2119,
                22.5137,
                24.274700000000003
            ],
            "label": "H",