{
    "@module": "pymatgen.util.provenance",
    "@class": "StructureNL",
    "charge": null,
    "lattice": {
        "matrix": [
            [
                50.0,
                0.0,
                3.061616997868383e-15
            ],
            [
                -3.061616997868383e-15,
                50.0,
                3.061616997868383e-15
            ],
            [
                0.0,
                0.0,
                50.0
            ]
        ],
        "a": 50.0,
        "b": 50.0,
        "c": 50.0,
        "alpha": 90.0,
        "beta": 90.0,
        "gamma": 90.0,
        "volume": 125000.0
    },
    "sites": [
        {
            "species": [
                {
                    "element": "Al",
                    "occu": 1.0
                }
            ],
            "abc": [
                0.500003,
                0.500167,
                0.499379
            ],
            "xyz": [
                25.000149999999998,
                25.00835,
                24.968950000000003
            ],
            "label": "Al",
            "properties": {
                "coordination": {
                    "O": 5.0
                }
            }
        },
        {
            "species": [
                {
                    "element": "H",
                    "occu": 1.0
                }
            ],
            "abc": [
                0.450636,
                0.499376,
                0.511742
            ],
            "xyz": [
                22.5318,
                24.968799999999998,
                25.587100000000007
            ],
            "label": "H",
            "properties": {
                "coordination": {
                    "Al": 1.0,
                    "H": 2.0
                }
            }
        },
        {
            "species": [
                {
                    "element": "H",
                    "occu": 1.0
                }
            ],
            "abc": [
                0.451921,
                0.501203,
                0.480757
            ],
            "xyz": [
                22.59605,
                25.060149999999997,
                24.037850000000002
            ],
            "label": "H",
            "properties": {
                "coordination": {
                    "Al": 1.0,
                    "H": 2.0
                }
            }
        },
        {
            "species": [
                {
                    "element": "H",
                    "occu": 1.0
                }
            ],
            "abc": [
                0.549356,
                0.499582,
                0.511827
            ],
            "xyz": [
                27.467799999999997,
                24.979100000000003,
                25.591350000000006
            ],
            "label": "H",
            "properties": {
                "coordination": {
                    "Al": 1.0,
                    "H": 2.0
                }
            }
        },
        {
            "species": [
                {
                    "element": "H",
                    "occu": 1.0
                }
            ],
            "abc": [
                0.548108,
                0.501237,
                0.48083
            ],
            "xyz": [
                27.4054,
                25.061850000000003,
                24.041500000000003
            ],
            "label": "H",
            "properties": {
                "coordination": {
                    "Al": 1.0,
                    "H": 2.0
                }
            }
        },
        {
            "species": [
                {
                    "element": "H",
                    "occu": 1.0
                }
            ],
            "abc": [
                0.484431,
                0.456727,
                0.479721
            ],
            "xyz": [
                24.22155,
                22.83635,
                23.986050000000002
            ],
            "label": "H",
            "properties": {
                "coordination": {
                    "Al": 1.0,
                    "H": 2.0
                }
            }
        },
        {
            "species": [
                {
                    "element": "H",
                    "occu": 1.0
                }
            ],
            "abc": [
                0.515689,
                0.456761,
                0.479753
            ],
            "xyz": [
                25.784449999999996,
                22.83805,
                23.987650000000002
            ],
            "label": "H",
            "properties": {
                "coordination": {
                    "Al": 1.0,
                    "H": 2.0
                }
            }
        },
        {
            "species": [
                {
                    "element": "H",
                    "occu": 1.0
                }
            ],
            "abc": [
                0.499717,
                0.511992,
                0.548343
            ],
            "xyz": [
                24.985850000000003,
                25.5996,
                27.417150000000003
            ],
            "label": "H",
            "properties": {
                "coordination": {
                    "Al": 1.0,
                    "H": 2.0
                }
            }
        },
        {
            "species": [
                {
                    "element": "H",
                    "occu": 1.0
                }
            ],
            "abc": [
                0.500143,
                0.480896,
                0.545693
            ],
            "xyz": [
                25.00715,
                24.0448,
                27.284650000000003
            ],
            "label": "H",
            "properties": {
                "coordination": {
                    "Al": 1.0,
                    "H": 2.0
                }
            }
        },
        {
            "species": [
                {
                    "element": "H",
                    "occu": 1.0
                }
            ],
            "abc": [
                0.515597,
                0.545476,
                0.484473
            ],
            "xyz": [
                25.77985,
                27.273799999999998,
                24.223650000000003
            ],
            "label": "H",
            "properties": {
                "coordination": {
                    "Al": 1.0,
                    "H": 2.0
                }
            }
        },
        {
            "species": [
                {
                    "element": "H",
                    "occu": 1.0
                }
            ],
            "abc": [
                0.484369,
                0.545454,
                0.484441
            ],
            "xyz": [
                24.21845,
                27.2727,
                24.222050000000003
            ],
            "label": "H",
            "properties": {
                "coordination": {
                    "Al": 1.0,
                    "H": 2.0
                }
            }
        },
        {
            "species": [
                {
                    "element": "O",
                    "occu": 1.0
                }
            ],
            "abc": [
                0.462377,
                0.500288,
                0.49672
            ],
            "xyz": [
                23.11885,
                25.0144,
                24.836000000000002
            ],
            "label": "O",
            "properties": {
                "coordination": {
                    "Al": 1.0,
                    "H": 2.0
                }
            }
        },
        {
            "species": [
                {
                    "element": "O",
                    "occu": 1.0
                }
            ],
            "abc": [
                0.537633,
                0.500336,
                0.496781
            ],