{
    "@module": "pymatgen.util.provenance",
    "@class": "StructureNL",
    "charge": null,
    "lattice": {
        "matrix": [
            [
                5.90057684,
                0.0,
                3.613061270114502e-16
            ],
            [
                -3.613061270114502e-16,
                5.90057684,
                3.613061270114502e-16
            ],
            [
                0.0,
                0.0,
                5.90057684
            ]
        ],
        "a": 5.90057684,
        "b": 5.90057684,
        "c": 5.90057684,
        "alpha": 90.0,
        "beta": 90.0,
        "gamma": 90.0,
        "volume": 205.4392452909676
    },
    "sites": [
        {
            "species": [
                {
                    "element": "C",
                    "occu": 1.0
                }
            ],
            "abc": [
                0.400101,
                0.294667,
                0.833095
            ],
            "xyz": [
                2.36082669426084,
                1.73870527571228,
                4.915741062519801
            ],
            "label": "C",
            "properties": {
                "coordination": {
                    "C": 2.0,
                    "N": 1.0
                }
            }
        },
        {
            "species": [
                {
                    "element": "C",
                    "occu": 1.0
                }
            ],
            "abc": [
                0.166905,
                0.900101,
                0.205333
            ],
            "xyz": [
                0.9848357774801997,
                5.311115114260841,
                1.2115831442877205
            ],
            "label": "C",
            "properties": {
                "coordination": {
                    "C": 2.0,
                    "N": 1.0
                }
            }
        },
        {
            "species": [
                {
                    "element": "C",
                    "occu": 1.0
                }
            ],
            "abc": [
                0.794667,
                0.666905,
                0.599899
            ],
            "xyz": [
                4.688993695712281,
                3.9351241974802,
                3.5397501457391605
            ],
            "label": "C",
            "properties": {
                "coordination": {
                    "C": 2.0,
                    "N": 1.0
                }
            }
        },
        {
            "species": [
                {
                    "element": "C",
                    "occu": 1.0
                }
            ],
            "abc": [
                0.900101,
                0.205333,
                0.166905
            ],
            "xyz": [
                5.311115114260841,
                1.21158314428772,
                0.9848357774802005
            ],
            "label": "C",
            "properties": {
                "coordination": {
                    "C": 2.0,
                    "N": 1.0
                }
            }
        },
        {
            "species": [
                {
                    "element": "C",
                    "occu": 1.0
                }
            ],
            "abc": [
                0.666905,
                0.599899,
                0.794667
            ],
            "xyz": [
                3.9351241974802,
                3.53975014573916,
                4.6889936957122815
            ],
            "label": "C",
            "properties": {
                "coordination": {
                    "C": 2.0,
                    "N": 1.0
                }
            }
        },
        {
            "species": [
                {
                    "element": "C",
                    "occu": 1.0
                }
            ],
            "abc": [
                0.294667,
                0.833095,
                0.400101
            ],
            "xyz": [
                1.7387052757122798,
                4.915741062519801,
                2.3608266942608402
            ],
            "label": "C",
            "properties": {
                "coordination": {
                    "C": 2.0,
                    "N": 1.0
                }
            }
        },
        {
            "species": [
                {
                    "element": "C",
                    "occu": 1.0
                }
            ],
            "abc": [
                0.599899,
                0.794667,
                0.666905
            ],
            "xyz": [
                3.5397501457391596,
                4.688993695712281,
                3.9351241974802003
            ],
            "label": "C",
            "properties": {
                "coordination": {
                    "C": 2.0,
                    "N": 1.0
                }
            }
        },
        {
            "species": [
                {
                    "element": "C",
                    "occu": 1.0
                }
            ],
            "abc": [
                0.833095,
                0.400101,
                0.294667
            ],
            "xyz": [
                4.915741062519801,
                2.36082669426084,
                1.7387052757122805
            ],
            "label": "C",
            "properties": {
                "coordination": {
                    "C": 2.0,
                    "N": 1.0
                }
            }
        },
        {
            "species": [
                {
                    "element": "C",
                    "occu": 1.0
                }
            ],
            "abc": [
                0.205333,
                0.166905,
                0.900101
            ],
            "xyz": [
                1.21158314428772,
                0.9848357774802,
                5.311115114260841
            ],
            "label": "C",
            "properties": {
                "coordination": {
                    "C": 2.0,
                    "N": 1.0
                }
            }
        },
        {
            "species": [
                {
                    "element": "C",
                    "occu": 1.0
                }
            ],
            "abc": [
                0.099899,
                0.705333,
                0.333095
            ],
            "xyz": [
                0.5894617257391598,
                4.16187156428772,
                1.9654526425198002
            ],
            "label": "C",
            "properties": {
                "coordination": {
                    "C": 2.0,
                    "N": 1.0
                }
            }
        },
        {
            "species": [
                {
                    "element": "C",
                    "occu": 1.0
                }
            ],
            "abc": [
                0.333095,
                0.099899,
                0.705333
            ],
            "xyz": [
                1.9654526425198,
                0.58946172573916,
                4.16187156428772
            ],
            "label": "C",
            "properties": {
                "coordination": {
                    "C": 2.0,
                    "N": 1.0
                }
            }
        },
        {
            "species": [
                {
                    "element": "C",
                    "occu": 1.0
                }
            ],
            "abc": [
                0.705333,
                0.333095,
                0.099899
            ],
            "xyz": [
                4.16187156428772,
                1.9654526425198,
                0.5894617257391603
            ],
            "label": "C",
            "properties": {
                "coordination": {
                    "C": 2.0,
                    "N": 1.0
                }
            }
        },
        {
            "species": [
                {
                    "element": "N",